測定年月,測定地点名,緯度,経度,線量率(μSv/h)
2011-01-01,双葉郡大熊町,37.4083,141.0069,0.03295483870967742
2011-02-01,双葉郡大熊町,37.4083,141.0069,0.033228571428571434
2011-03-01,双葉郡双葉町,37.4655,141.0097,26.00766666666667
2011-03-01,双葉郡大熊町,37.4083,141.0069,3.2901333333333342
2011-03-01,双葉郡富岡町,37.3486,141.0117,2.1981333333333333
2011-03-01,双葉郡広野町,37.1994,140.9928,1.8860000000000001
2011-03-01,双葉郡楢葉町,37.2843,140.9996,2.168
2011-03-01,双葉郡浪江町,37.5684,140.9706,1.4559000000000002
2011-06-01,双葉郡大熊町,37.4083,141.0069,6.069714285714285
2011-07-01,双葉郡大熊町,37.4083,141.0069,5.812722580645161
2011-08-01,双葉郡大熊町,37.4083,141.0069,5.620412903225806
2011-09-01,双葉郡大熊町,37.4083,141.0069,5.388506666666667
2011-10-01,双葉郡大熊町,37.4083,141.0069,5.244025806451614
2011-11-01,双葉郡大熊町,37.4083,141.0069,5.139013333333334
2011-12-01,双葉郡大熊町,37.4083,141.0069,5.064129032258064
2012-01-01,双葉郡大熊町,37.4083,141.0069,4.972567741935484
2012-02-01,双葉郡大熊町,37.4083,141.0069,4.57351724137931
2012-03-01,双葉郡大熊町,37.4083,141.0069,4.369187096774194
2013-03-01,伊達市霊山総合支所,37.7712,140.6408,0.34528000000000003
2013-03-01,福島県、会津若松合同庁舎,37.4727,139.9329,0.06256
2013-03-01,福島県、南会津合同庁舎,37.1852,139.9868,0.03696
2013-03-01,福島県、南相馬合同庁舎,37.7797,140.9796,0.12784
2013-03-01,福島県、白河合同庁舎,37.1309,140.2163,0.10928
2013-03-01,福島県、県北保健福祉事務所,37.749,140.482,0.42144000000000004
2013-03-01,福島県、郡山合同庁舎,37.4042,140.3842,0.22896
2013-04-01,伊達市霊山総合支所,37.7712,140.6408,0.33005333333333337
2013-04-01,福島県、会津若松合同庁舎,37.4727,139.9329,0.06176
2013-04-01,福島県、南会津合同庁舎,37.1852,139.9868,0.03728
2013-04-01,福島県、南相馬合同庁舎,37.7797,140.9796,0.12696000000000002
2013-04-01,福島県、白河合同庁舎,37.1309,140.2163,0.10794666666666666
2013-04-01,福島県、県北保健福祉事務所,37.749,140.482,0.4063466666666667
2013-04-01,福島県、郡山合同庁舎,37.4042,140.3842,0.20696
2013-05-01,伊達市霊山総合支所,37.7712,140.6408,0.2630709677419355
2013-05-01,福島県、会津若松合同庁舎,37.4727,139.9329,0.06064516129032258
2013-05-01,福島県、南会津合同庁舎,37.1852,139.9868,0.037006451612903224
2013-05-01,福島県、南相馬合同庁舎,37.7797,140.9796,0.12485161290322581
2013-05-01,福島県、白河合同庁舎,37.1309,140.2163,0.10593548387096775
2013-05-01,福島県、県北保健福祉事務所,37.749,140.482,0.28619354838709676
2013-05-01,福島県、郡山合同庁舎,37.4042,140.3842,0.16828387096774194
2013-06-01,伊達市霊山総合支所,37.7712,140.6408,0.2072
2013-06-01,福島県、会津若松合同庁舎,37.4727,139.9329,0.059840000000000004
2013-06-01,福島県、南会津合同庁舎,37.1852,139.9868,0.03741333333333333
2013-06-01,福島県、南相馬合同庁舎,37.7797,140.9796,0.12184
2013-06-01,福島県、白河合同庁舎,37.1309,140.2163,0.10349333333333334
2013-06-01,福島県、県北保健福祉事務所,37.749,140.482,0.2771466666666667
2013-06-01,福島県、郡山合同庁舎,37.4042,140.3842,0.1474666666666667
2013-07-01,伊達市霊山総合支所,37.7712,140.6408,0.19801290322580647
2013-07-01,福島県、会津若松合同庁舎,37.4727,139.9329,0.05953548387096775
2013-07-01,福島県、南会津合同庁舎,37.1852,139.9868,0.0375741935483871
2013-07-01,福島県、南相馬合同庁舎,37.7797,140.9796,0.12209032258064517
2013-07-01,福島県、白河合同庁舎,37.1309,140.2163,0.10185806451612903
2013-07-01,福島県、県北保健福祉事務所,37.749,140.482,0.27099354838709677
2013-07-01,福島県、郡山合同庁舎,37.4042,140.3842,0.14588387096774194
2013-08-01,伊達市霊山総合支所,37.7712,140.6408,0.19380645161290322
2013-08-01,福島県、会津若松合同庁舎,37.4727,139.9329,0.05876129032258065
2013-08-01,福島県、南会津合同庁舎,37.1852,139.9868,0.038038709677419354
2013-08-01,福島県、南相馬合同庁舎,37.7797,140.9796,0.12214193548387096
2013-08-01,福島県、白河合同庁舎,37.1309,140.2163,0.10067096774193549
2013-08-01,福島県、県北保健福祉事務所,37.749,140.482,0.2679741935483871
2013-08-01,福島県、郡山合同庁舎,37.4042,140.3842,0.14425806451612905
2013-09-01,伊達市霊山総合支所,37.7712,140.6408,0.18714666666666666
2013-09-01,福島県、会津若松合同庁舎,37.4727,139.9329,0.057600000000000005
2013-09-01,福島県、南会津合同庁舎,37.1852,139.9868,0.036853333333333335
2013-09-01,福島県、南相馬合同庁舎,37.7797,140.9796,0.11765333333333335
2013-09-01,福島県、白河合同庁舎,37.1309,140.2163,0.09728
2013-09-01,福島県、県北保健福祉事務所,37.749,140.482,0.26005333333333336
2013-09-01,福島県、郡山合同庁舎,37.4042,140.3842,0.13733333333333334
2013-10-01,伊達市霊山総合支所,37.7712,140.6408,0.18170322580645162
2013-10-01,福島県、会津若松合同庁舎,37.4727,139.9329,0.05713548387096774
2013-10-01,福島県、南会津合同庁舎,37.1852,139.9868,0.03698064516129033
2013-10-01,福島県、南相馬合同庁舎,37.7797,140.9796,0.1128774193548387
2013-10-01,福島県、白河合同庁舎,37.1309,140.2163,0.09532903225806452
2013-10-01,福島県、県北保健福祉事務所,37.749,140.482,0.25230967741935484
2013-10-01,福島県、郡山合同庁舎,37.4042,140.3842,0.13218064516129033
2013-11-01,伊達市霊山総合支所,37.7712,140.6408,0.17989333333333335
2013-11-01,福島県、会津若松合同庁舎,37.4727,139.9329,0.05768
2013-11-01,福島県、南会津合同庁舎,37.1852,139.9868,0.03736
2013-11-01,福島県、南相馬合同庁舎,37.7797,140.9796,0.11141333333333334
2013-11-01,福島県、白河合同庁舎,37.1309,140.2163,0.09477333333333333
2013-11-01,福島県、県北保健福祉事務所,37.749,140.482,0.24845333333333336
2013-11-01,福島県、郡山合同庁舎,37.4042,140.3842,0.13125333333333333
2013-12-01,伊達市霊山総合支所,37.7712,140.6408,0.17499354838709677
2013-12-01,福島県、会津若松合同庁舎,37.4727,139.9329,0.053367741935483874
2013-12-01,福島県、南会津合同庁舎,37.1852,139.9868,0.03388387096774194
2013-12-01,福島県、南相馬合同庁舎,37.7797,140.9796,0.10892903225806452
2013-12-01,福島県、白河合同庁舎,37.1309,140.2163,0.0918967741935484
2013-12-01,福島県、県北保健福祉事務所,37.749,140.482,0.23772903225806452
2013-12-01,福島県、郡山合同庁舎,37.4042,140.3842,0.1287225806451613
2014-01-01,伊達市霊山総合支所,37.7712,140.6408,0.17478709677419355
2014-01-01,福島県、会津若松合同庁舎,37.4727,139.9329,0.05003870967741936
2014-01-01,福島県、南会津合同庁舎,37.1852,139.9868,0.025393548387096773
2014-01-01,福島県、南相馬合同庁舎,37.7797,140.9796,0.10743225806451613
2014-01-01,福島県、白河合同庁舎,37.1309,140.2163,0.09310967741935484
2014-01-01,福島県、県北保健福祉事務所,37.749,140.482,0.23329032258064517
2014-01-01,福島県、郡山合同庁舎,37.4042,140.3842,0.12670967741935485
2014-02-01,伊達市霊山総合支所,37.7712,140.6408,0.1264
2014-02-01,福島県、会津若松合同庁舎,37.4727,139.9329,0.04951428571428572
2014-02-01,福島県、南会津合同庁舎,37.1852,139.9868,0.021314285714285713
2014-02-01,福島県、南相馬合同庁舎,37.7797,140.9796,0.0958
2014-02-01,福島県、白河合同庁舎,37.1309,140.2163,0.06488571428571428
2014-02-01,福島県、県北保健福祉事務所,37.749,140.482,0.16474285714285714
2014-02-01,福島県、郡山合同庁舎,37.4042,140.3842,0.09545714285714287
2014-03-01,伊達市霊山総合支所,37.7712,140.6408,0.16131612903225806
2014-03-01,福島県、会津若松合同庁舎,37.4727,139.9329,0.05481290322580645
2014-03-01,福島県、南会津合同庁舎,37.1852,139.9868,0.028929032258064518
2014-03-01,福島県、南相馬合同庁舎,37.7797,140.9796,0.10304516129032258
2014-03-01,福島県、白河合同庁舎,37.1309,140.2163,0.08665806451612905
2014-03-01,福島県、県北保健福祉事務所,37.749,140.482,0.21938064516129036
2014-03-01,福島県、郡山合同庁舎,37.4042,140.3842,0.12134193548387097
2014-04-01,伊達市霊山総合支所,37.7712,140.6408,0.16154666666666667
2014-04-01,福島県、会津若松合同庁舎,37.4727,139.9329,0.05512000000000001
2014-04-01,福島県、南会津合同庁舎,37.1852,139.9868,0.035840000000000004
2014-04-01,福島県、南相馬合同庁舎,37.7797,140.9796,0.10210666666666667
2014-04-01,福島県、白河合同庁舎,37.1309,140.2163,0.08669333333333333
2014-04-01,福島県、県北保健福祉事務所,37.749,140.482,0.21981333333333333
2014-04-01,福島県、郡山合同庁舎,37.4042,140.3842,0.12024
2014-05-01,伊達市霊山総合支所,37.7712,140.6408,0.15927741935483872
2014-05-01,福島県、会津若松合同庁舎,37.4727,139.9329,0.05478709677419355
2014-05-01,福島県、南会津合同庁舎,37.1852,139.9868,0.03628387096774194
2014-05-01,福島県、南相馬合同庁舎,37.7797,140.9796,0.10051612903225807
2014-05-01,福島県、白河合同庁舎,37.1309,140.2163,0.0854967741935484
2014-05-01,福島県、県北保健福祉事務所,37.749,140.482,0.21563870967741935
2014-05-01,福島県、郡山合同庁舎,37.4042,140.3842,0.11953548387096774
2014-06-01,伊達市霊山総合支所,37.7712,140.6408,0.15621333333333334
2014-06-01,福島県、会津若松合同庁舎,37.4727,139.9329,0.05426666666666667
2014-06-01,福島県、南会津合同庁舎,37.1852,139.9868,0.0364
2014-06-01,福島県、南相馬合同庁舎,37.7797,140.9796,0.09682666666666667
2014-06-01,福島県、白河合同庁舎,37.1309,140.2163,0.08408
2014-06-01,福島県、県北保健福祉事務所,37.749,140.482,0.20914666666666668
2014-06-01,福島県、郡山合同庁舎,37.4042,140.3842,0.11816
2014-07-01,伊達市霊山総合支所,37.7712,140.6408,0.151741935483871
2014-07-01,福島県、会津若松合同庁舎,37.4727,139.9329,0.05421935483870968
2014-07-01,福島県、南会津合同庁舎,37.1852,139.9868,0.03654193548387097
2014-07-01,福島県、南相馬合同庁舎,37.7797,140.9796,0.09550967741935484
2014-07-01,福島県、白河合同庁舎,37.1309,140.2163,0.08343225806451614
2014-07-01,福島県、県北保健福祉事務所,37.749,140.482,0.20325161290322583
2014-07-01,福島県、郡山合同庁舎,37.4042,140.3842,0.11661935483870968
2014-08-01,伊達市霊山総合支所,37.7712,140.6408,0.14583225806451613
2014-08-01,福島県、会津若松合同庁舎,37.4727,139.9329,0.05331612903225807
2014-08-01,福島県、南会津合同庁舎,37.1852,139.9868,0.0359483870967742
2014-08-01,福島県、南相馬合同庁舎,37.7797,140.9796,0.09349677419354839
2014-08-01,福島県、白河合同庁舎,37.1309,140.2163,0.08103225806451612
2014-08-01,福島県、県北保健福祉事務所,37.749,140.482,0.19664516129032258
2014-08-01,福島県、郡山合同庁舎,37.4042,140.3842,0.11158709677419355
2014-09-01,伊達市霊山総合支所,37.7712,140.6408,0.1436
2014-09-01,福島県、会津若松合同庁舎,37.4727,139.9329,0.05224
2014-09-01,福島県、南会津合同庁舎,37.1852,139.9868,0.035973333333333336
2014-09-01,福島県、南相馬合同庁舎,37.7797,140.9796,0.09122666666666666
2014-09-01,福島県、白河合同庁舎,37.1309,140.2163,0.07919999999999999
2014-09-01,福島県、県北保健福祉事務所,37.749,140.482,0.19472000000000003
2014-09-01,福島県、郡山合同庁舎,37.4042,140.3842,0.10930666666666668
2014-10-01,伊達市霊山総合支所,37.7712,140.6408,0.14033548387096775
2014-10-01,福島県、会津若松合同庁舎,37.4727,139.9329,0.05228387096774194
2014-10-01,福島県、南会津合同庁舎,37.1852,139.9868,0.03641290322580645
2014-10-01,福島県、南相馬合同庁舎,37.7797,140.9796,0.09130322580645162
2014-10-01,福島県、白河合同庁舎,37.1309,140.2163,0.0783483870967742
2014-10-01,福島県、県北保健福祉事務所,37.749,140.482,0.19150967741935487
2014-10-01,福島県、郡山合同庁舎,37.4042,140.3842,0.10841290322580646
2014-11-01,伊達市霊山総合支所,37.7712,140.6408,0.13912000000000002
2014-11-01,福島県、会津若松合同庁舎,37.4727,139.9329,0.052853333333333335
2014-11-01,福島県、南会津合同庁舎,37.1852,139.9868,0.036800000000000006
2014-11-01,福島県、南相馬合同庁舎,37.7797,140.9796,0.09021333333333333
2014-11-01,福島県、白河合同庁舎,37.1309,140.2163,0.07845333333333333
2014-11-01,福島県、県北保健福祉事務所,37.749,140.482,0.18997333333333336
2014-11-01,福島県、郡山合同庁舎,37.4042,140.3842,0.10736
2014-12-01,伊達市霊山総合支所,37.7712,140.6408,0.13664516129032261
2014-12-01,福島県、会津若松合同庁舎,37.4727,139.9329,0.04763870967741936
2014-12-01,福島県、南会津合同庁舎,37.1852,139.9868,0.03313548387096774
2014-12-01,福島県、南相馬合同庁舎,37.7797,140.9796,0.0888
2014-12-01,福島県、白河合同庁舎,37.1309,140.2163,0.07747096774193549
2014-12-01,福島県、県北保健福祉事務所,37.749,140.482,0.1863483870967742
2014-12-01,福島県、郡山合同庁舎,37.4042,140.3842,0.10575483870967742
2015-01-01,伊達市霊山総合支所,37.7712,140.6408,0.13212903225806452
2015-01-01,福島県、会津若松合同庁舎,37.4727,139.9329,0.035148387096774196
2015-01-01,福島県、南会津合同庁舎,37.1852,139.9868,0.024800000000000003
2015-01-01,福島県、南相馬合同庁舎,37.7797,140.9796,0.08603870967741936
2015-01-01,福島県、白河合同庁舎,37.1309,140.2163,0.07483870967741936
2015-01-01,福島県、県北保健福祉事務所,37.749,140.482,0.1824
2015-01-01,福島県、郡山合同庁舎,37.4042,140.3842,0.10020645161290323
2015-02-01,伊達市霊山総合支所,37.7712,140.6408,0.13005714285714287
2015-02-01,福島県、会津若松合同庁舎,37.4727,139.9329,0.042600000000000006
2015-02-01,福島県、南会津合同庁舎,37.1852,139.9868,0.024771428571428573
2015-02-01,福島県、南相馬合同庁舎,37.7797,140.9796,0.08194285714285714
2015-02-01,福島県、白河合同庁舎,37.1309,140.2163,0.07477142857142857
2015-02-01,福島県、県北保健福祉事務所,37.749,140.482,0.17945714285714284
2015-02-01,福島県、郡山合同庁舎,37.4042,140.3842,0.10217142857142858
2015-03-01,伊達市霊山総合支所,37.7712,140.6408,0.12926451612903225
2015-03-01,福島県、会津若松合同庁舎,37.4727,139.9329,0.04934193548387097
2015-03-01,福島県、南会津合同庁舎,37.1852,139.9868,0.03225806451612903
2015-03-01,福島県、南相馬合同庁舎,37.7797,140.9796,0.08358709677419356
2015-03-01,福島県、白河合同庁舎,37.1309,140.2163,0.07504516129032258
2015-03-01,福島県、県北保健福祉事務所,37.749,140.482,0.1800516129032258
2015-03-01,福島県、郡山合同庁舎,37.4042,140.3842,0.10227096774193549
2015-04-01,伊達市霊山総合支所,37.7712,140.6408,0.12717333333333333
2015-04-01,福島県、会津若松合同庁舎,37.4727,139.9329,0.05061333333333334
2015-04-01,福島県、南会津合同庁舎,37.1852,139.9868,0.035440000000000006
2015-04-01,福島県、南相馬合同庁舎,37.7797,140.9796,0.08288000000000001
2015-04-01,福島県、白河合同庁舎,37.1309,140.2163,0.07416
2015-04-01,福島県、県北保健福祉事務所,37.749,140.482,0.17738666666666666
2015-04-01,福島県、郡山合同庁舎,37.4042,140.3842,0.10157333333333333
2015-05-01,伊達市霊山総合支所,37.7712,140.6408,0.1280774193548387
2015-05-01,福島県、会津若松合同庁舎,37.4727,139.9329,0.05003870967741936
2015-05-01,福島県、南会津合同庁舎,37.1852,139.9868,0.03628387096774194
2015-05-01,福島県、南相馬合同庁舎,37.7797,140.9796,0.08185806451612904
2015-05-01,福島県、白河合同庁舎,37.1309,140.2163,0.07370322580645162
2015-05-01,福島県、県北保健福祉事務所,37.749,140.482,0.1766967741935484
2015-05-01,福島県、郡山合同庁舎,37.4042,140.3842,0.10105806451612903
2015-06-01,伊達市霊山総合支所,37.7712,140.6408,0.12488
2015-06-01,福島県、会津若松合同庁舎,37.4727,139.9329,0.049440000000000005
2015-06-01,福島県、南会津合同庁舎,37.1852,139.9868,0.03656
2015-06-01,福島県、南相馬合同庁舎,37.7797,140.9796,0.07928
2015-06-01,福島県、白河合同庁舎,37.1309,140.2163,0.07242666666666667
2015-06-01,福島県、県北保健福祉事務所,37.749,140.482,0.17341333333333334
2015-06-01,福島県、郡山合同庁舎,37.4042,140.3842,0.09994666666666667
2015-07-01,伊達市霊山総合支所,37.7712,140.6408,0.12180645161290324
2015-07-01,福島県、会津若松合同庁舎,37.4727,139.9329,0.048464516129032256
2015-07-01,福島県、南会津合同庁舎,37.1852,139.9868,0.03649032258064516
2015-07-01,福島県、南相馬合同庁舎,37.7797,140.9796,0.07767741935483871
2015-07-01,福島県、白河合同庁舎,37.1309,140.2163,0.07163870967741935
2015-07-01,福島県、県北保健福祉事務所,37.749,140.482,0.16934193548387097
2015-07-01,福島県、郡山合同庁舎,37.4042,140.3842,0.0992258064516129
2015-08-01,伊達市霊山総合支所,37.7712,140.6408,0.12064516129032259
2015-08-01,福島県、会津若松合同庁舎,37.4727,139.9329,0.047870967741935486
2015-08-01,福島県、南会津合同庁舎,37.1852,139.9868,0.035561290322580645
2015-08-01,福島県、南相馬合同庁舎,37.7797,140.9796,0.07718709677419355
2015-08-01,福島県、白河合同庁舎,37.1309,140.2163,0.0703741935483871
2015-08-01,福島県、県北保健福祉事務所,37.749,140.482,0.16513548387096774
2015-08-01,福島県、郡山合同庁舎,37.4042,140.3842,0.09550967741935484
2015-09-01,伊達市霊山総合支所,37.7712,140.6408,0.11677333333333334
2015-09-01,福島県、会津若松合同庁舎,37.4727,139.9329,0.04752
2015-09-01,福島県、南会津合同庁舎,37.1852,139.9868,0.035013333333333334
2015-09-01,福島県、南相馬合同庁舎,37.7797,140.9796,0.07488
2015-09-01,福島県、白河合同庁舎,37.1309,140.2163,0.06922666666666667
2015-09-01,福島県、県北保健福祉事務所,37.749,140.482,0.162
2015-09-01,福島県、郡山合同庁舎,37.4042,140.3842,0.09338666666666667
2015-10-01,伊達市霊山総合支所,37.7712,140.6408,0.11649032258064516
2015-10-01,福島県、会津若松合同庁舎,37.4727,139.9329,0.04735483870967742
2015-10-01,福島県、南会津合同庁舎,37.1852,139.9868,0.035741935483870974
2015-10-01,福島県、南相馬合同庁舎,37.7797,140.9796,0.0751225806451613
2015-10-01,福島県、白河合同庁舎,37.1309,140.2163,0.06890322580645161
2015-10-01,福島県、県北保健福祉事務所,37.749,140.482,0.16157419354838712
2015-10-01,福島県、郡山合同庁舎,37.4042,140.3842,0.09310967741935484
2015-11-01,伊達市霊山総合支所,37.7712,140.6408,0.11434666666666667
2015-11-01,福島県、会津若松合同庁舎,37.4727,139.9329,0.04792
2015-11-01,福島県、南会津合同庁舎,37.1852,139.9868,0.03586666666666667
2015-11-01,福島県、南相馬合同庁舎,37.7797,140.9796,0.07557333333333333
2015-11-01,福島県、白河合同庁舎,37.1309,140.2163,0.0688
2015-11-01,福島県、県北保健福祉事務所,37.749,140.482,0.15901333333333334
2015-11-01,福島県、郡山合同庁舎,37.4042,140.3842,0.09258666666666666
2015-12-01,伊達市霊山総合支所,37.7712,140.6408,0.11375483870967742
2015-12-01,福島県、会津若松合同庁舎,37.4727,139.9329,0.0472258064516129
2015-12-01,福島県、南会津合同庁舎,37.1852,139.9868,0.03607741935483871
2015-12-01,福島県、南相馬合同庁舎,37.7797,140.9796,0.0736516129032258
2015-12-01,福島県、白河合同庁舎,37.1309,140.2163,0.06766451612903226
2015-12-01,福島県、県北保健福祉事務所,37.749,140.482,0.15801290322580647
2015-12-01,福島県、郡山合同庁舎,37.4042,140.3842,0.09156129032258065
2016-01-01,伊達市霊山総合支所,37.7712,140.6408,0.10761290322580647
2016-01-01,福島県、会津若松合同庁舎,37.4727,139.9329,0.04544516129032258
2016-01-01,福島県、南会津合同庁舎,37.1852,139.9868,0.03318709677419355
2016-01-01,福島県、南相馬合同庁舎,37.7797,140.9796,0.07218064516129033
2016-01-01,福島県、白河合同庁舎,37.1309,140.2163,0.05963870967741936
2016-01-01,福島県、県北保健福祉事務所,37.749,140.482,0.14843870967741937
2016-01-01,福島県、郡山合同庁舎,37.4042,140.3842,0.08696774193548387
2016-02-01,伊達市霊山総合支所,37.7712,140.6408,0.1086344827586207
2016-02-01,福島県、会津若松合同庁舎,37.4727,139.9329,0.04593103448275862
2016-02-01,福島県、南会津合同庁舎,37.1852,139.9868,0.03103448275862069
2016-02-01,福島県、南相馬合同庁舎,37.7797,140.9796,0.07015172413793104
2016-02-01,福島県、白河合同庁舎,37.1309,140.2163,0.06270344827586206
2016-02-01,福島県、県北保健福祉事務所,37.749,140.482,0.1533793103448276
2016-02-01,福島県、郡山合同庁舎,37.4042,140.3842,0.08857931034482759
2016-03-01,伊達市霊山総合支所,37.7712,140.6408,0.1087741935483871
2016-03-01,福島県、会津若松合同庁舎,37.4727,139.9329,0.0456
2016-03-01,福島県、南会津合同庁舎,37.1852,139.9868,0.03476129032258065
2016-03-01,福島県、南相馬合同庁舎,37.7797,140.9796,0.07112258064516129
2016-03-01,福島県、白河合同庁舎,37.1309,140.2163,0.06570322580645162
2016-03-01,福島県、県北保健福祉事務所,37.749,140.482,0.15300645161290324
2016-03-01,福島県、郡山合同庁舎,37.4042,140.3842,0.08861935483870968
2016-04-01,伊達市霊山総合支所,37.7712,140.6408,0.10746666666666667
2016-04-01,福島県、会津若松合同庁舎,37.4727,139.9329,0.04496
2016-04-01,福島県、南会津合同庁舎,37.1852,139.9868,0.03485333333333333
2016-04-01,福島県、南相馬合同庁舎,37.7797,140.9796,0.07069333333333333
2016-04-01,福島県、白河合同庁舎,37.1309,140.2163,0.06461333333333334
2016-04-01,福島県、県北保健福祉事務所,37.749,140.482,0.15157333333333334
2016-04-01,福島県、郡山合同庁舎,37.4042,140.3842,0.08746666666666666
2016-05-01,伊達市霊山総合支所,37.7712,140.6408,0.10647741935483872
2016-05-01,福島県、会津若松合同庁舎,37.4727,139.9329,0.045703225806451614
2016-05-01,福島県、南会津合同庁舎,37.1852,139.9868,0.035225806451612905
2016-05-01,福島県、南相馬合同庁舎,37.7797,140.9796,0.07021935483870968
2016-05-01,福島県、白河合同庁舎,37.1309,140.2163,0.06353548387096775
2016-05-01,福島県、県北保健福祉事務所,37.749,140.482,0.15006451612903227
2016-05-01,福島県、郡山合同庁舎,37.4042,140.3842,0.08704516129032258
2016-06-01,伊達市霊山総合支所,37.7712,140.6408,0.10600000000000001
2016-06-01,福島県、会津若松合同庁舎,37.4727,139.9329,0.0456
2016-06-01,福島県、南会津合同庁舎,37.1852,139.9868,0.035546666666666664
2016-06-01,福島県、南相馬合同庁舎,37.7797,140.9796,0.06869333333333333
2016-06-01,福島県、白河合同庁舎,37.1309,140.2163,0.06309333333333333
2016-06-01,福島県、県北保健福祉事務所,37.749,140.482,0.14922666666666667
2016-06-01,福島県、郡山合同庁舎,37.4042,140.3842,0.08653333333333334
2016-07-01,伊達市霊山総合支所,37.7712,140.6408,0.10410322580645162
2016-07-01,福島県、会津若松合同庁舎,37.4727,139.9329,0.04518709677419355
2016-07-01,福島県、南会津合同庁舎,37.1852,139.9868,0.035561290322580645
2016-07-01,福島県、南相馬合同庁舎,37.7797,140.9796,0.0672516129032258
2016-07-01,福島県、白河合同庁舎,37.1309,140.2163,0.06258064516129033
2016-07-01,福島県、県北保健福祉事務所,37.749,140.482,0.14689032258064516
2016-07-01,福島県、郡山合同庁舎,37.4042,140.3842,0.08557419354838709
2016-08-01,伊達市霊山総合支所,37.7712,140.6408,0.1031483870967742
2016-08-01,福島県、会津若松合同庁舎,37.4727,139.9329,0.04436129032258065
2016-08-01,福島県、南会津合同庁舎,37.1852,139.9868,0.03501935483870968
2016-08-01,福島県、南相馬合同庁舎,37.7797,140.9796,0.06861935483870968
2016-08-01,福島県、白河合同庁舎,37.1309,140.2163,0.06087741935483871
2016-08-01,福島県、県北保健福祉事務所,37.749,140.482,0.14430967741935485
2016-08-01,福島県、郡山合同庁舎,37.4042,140.3842,0.08281290322580645
2016-09-01,伊達市霊山総合支所,37.7712,140.6408,0.10050666666666667
2016-09-01,福島県、会津若松合同庁舎,37.4727,139.9329,0.04448
2016-09-01,福島県、南会津合同庁舎,37.1852,139.9868,0.034800000000000005
2016-09-01,福島県、南相馬合同庁舎,37.7797,140.9796,0.06682666666666667
2016-09-01,福島県、白河合同庁舎,37.1309,140.2163,0.060640000000000006
2016-09-01,福島県、県北保健福祉事務所,37.749,140.482,0.14266666666666666
2016-09-01,福島県、郡山合同庁舎,37.4042,140.3842,0.08189333333333335
2016-10-01,伊達市霊山総合支所,37.7712,140.6408,0.09889032258064517
2016-10-01,福島県、会津若松合同庁舎,37.4727,139.9329,0.043974193548387094
2016-10-01,福島県、南会津合同庁舎,37.1852,139.9868,0.03501935483870968
2016-10-01,福島県、南相馬合同庁舎,37.7797,140.9796,0.06681290322580645
2016-10-01,福島県、白河合同庁舎,37.1309,140.2163,0.06020645161290323
2016-10-01,福島県、県北保健福祉事務所,37.749,140.482,0.14198709677419355
2016-10-01,福島県、郡山合同庁舎,37.4042,140.3842,0.08165161290322581
2016-11-01,伊達市霊山総合支所,37.7712,140.6408,0.09754666666666667
2016-11-01,福島県、会津若松合同庁舎,37.4727,139.9329,0.04424000000000001
2016-11-01,福島県、南会津合同庁舎,37.1852,139.9868,0.035306666666666674
2016-11-01,福島県、南相馬合同庁舎,37.7797,140.9796,0.06690666666666667
2016-11-01,福島県、白河合同庁舎,37.1309,140.2163,0.06018666666666667
2016-11-01,福島県、県北保健福祉事務所,37.749,140.482,0.14085333333333333
2016-11-01,福島県、郡山合同庁舎,37.4042,140.3842,0.08149333333333335
2016-12-01,伊達市霊山総合支所,37.7712,140.6408,0.09692903225806453
2016-12-01,福島県、会津若松合同庁舎,37.4727,139.9329,0.04474838709677419
2016-12-01,福島県、南会津合同庁舎,37.1852,139.9868,0.035045161290322584
2016-12-01,福島県、南相馬合同庁舎,37.7797,140.9796,0.06562580645161291
2016-12-01,福島県、白河合同庁舎,37.1309,140.2163,0.059896774193548386
2016-12-01,福島県、県北保健福祉事務所,37.749,140.482,0.13961290322580647
2016-12-01,福島県、郡山合同庁舎,37.4042,140.3842,0.08033548387096774
2017-01-01,伊達市霊山総合支所,37.7712,140.6408,0.0935225806451613
2017-01-01,福島県、会津若松合同庁舎,37.4727,139.9329,0.04023225806451613
2017-01-01,福島県、南会津合同庁舎,37.1852,139.9868,0.029909677419354838
2017-01-01,福島県、南相馬合同庁舎,37.7797,140.9796,0.06474838709677419
2017-01-01,福島県、白河合同庁舎,37.1309,140.2163,0.05695483870967742
2017-01-01,福島県、県北保健福祉事務所,37.749,140.482,0.13058064516129034
2017-01-01,福島県、郡山合同庁舎,37.4042,140.3842,0.07785806451612903
2017-02-01,伊達市霊山総合支所,37.7712,140.6408,0.0945142857142857
2017-02-01,福島県、会津若松合同庁舎,37.4727,139.9329,0.040914285714285716
2017-02-01,福島県、南会津合同庁舎,37.1852,139.9868,0.02605714285714286
2017-02-01,福島県、南相馬合同庁舎,37.7797,140.9796,0.06371428571428571
2017-02-01,福島県、白河合同庁舎,37.1309,140.2163,0.058428571428571434
2017-02-01,福島県、県北保健福祉事務所,37.749,140.482,0.13602857142857144
2017-02-01,福島県、郡山合同庁舎,37.4042,140.3842,0.07865714285714287
2017-03-01,伊達市霊山総合支所,37.7712,140.6408,0.09370322580645161
2017-03-01,福島県、会津若松合同庁舎,37.4727,139.9329,0.04353548387096775
2017-03-01,福島県、南会津合同庁舎,37.1852,139.9868,0.03189677419354839
2017-03-01,福島県、南相馬合同庁舎,37.7797,140.9796,0.06304516129032259
2017-03-01,福島県、白河合同庁舎,37.1309,140.2163,0.05816774193548387
2017-03-01,福島県、県北保健福祉事務所,37.749,140.482,0.13574193548387098
2017-03-01,福島県、郡山合同庁舎,37.4042,140.3842,0.07870967741935483
2017-04-01,伊達市霊山総合支所,37.7712,140.6408,0.09245333333333333
2017-04-01,福島県、会津若松合同庁舎,37.4727,139.9329,0.04341333333333333
2017-04-01,福島県、南会津合同庁舎,37.1852,139.9868,0.034133333333333335
2017-04-01,福島県、南相馬合同庁舎,37.7797,140.9796,0.06306666666666667
2017-04-01,福島県、白河合同庁舎,37.1309,140.2163,0.05781333333333334
2017-04-01,福島県、県北保健福祉事務所,37.749,140.482,0.13474666666666668
2017-04-01,福島県、郡山合同庁舎,37.4042,140.3842,0.07837333333333334
2017-05-01,伊達市霊山総合支所,37.7712,140.6408,0.09215483870967743
2017-05-01,福島県、会津若松合同庁舎,37.4727,139.9329,0.04335483870967742
2017-05-01,福島県、南会津合同庁舎,37.1852,139.9868,0.034529032258064515
2017-05-01,福島県、南相馬合同庁舎,37.7797,140.9796,0.06299354838709678
2017-05-01,福島県、白河合同庁舎,37.1309,140.2163,0.057600000000000005
2017-05-01,福島県、県北保健福祉事務所,37.749,140.482,0.13406451612903228
2017-05-01,福島県、郡山合同庁舎,37.4042,140.3842,0.07819354838709677
2017-06-01,伊達市霊山総合支所,37.7712,140.6408,0.09114666666666667
2017-06-01,福島県、会津若松合同庁舎,37.4727,139.9329,0.043120000000000006
2017-06-01,福島県、南会津合同庁舎,37.1852,139.9868,0.03485333333333333
2017-06-01,福島県、南相馬合同庁舎,37.7797,140.9796,0.06133333333333334
2017-06-01,福島県、白河合同庁舎,37.1309,140.2163,0.056986666666666665
2017-06-01,福島県、県北保健福祉事務所,37.749,140.482,0.13197333333333333
2017-06-01,福島県、郡山合同庁舎,37.4042,140.3842,0.07754666666666667
2017-07-01,伊達市霊山総合支所,37.7712,140.6408,0.09099354838709678
2017-07-01,福島県、会津若松合同庁舎,37.4727,139.9329,0.0439483870967742
2017-07-01,福島県、南会津合同庁舎,37.1852,139.9868,0.03535483870967742
2017-07-01,福島県、南相馬合同庁舎,37.7797,140.9796,0.06165161290322581
2017-07-01,福島県、白河合同庁舎,37.1309,140.2163,0.057496774193548386
2017-07-01,福島県、県北保健福祉事務所,37.749,140.482,0.12972903225806454
2017-07-01,福島県、郡山合同庁舎,37.4042,140.3842,0.07783225806451614
2017-08-01,伊達市霊山総合支所,37.7712,140.6408,0.08771612903225808
2017-08-01,福島県、会津若松合同庁舎,37.4727,139.9329,0.04332903225806452
2017-08-01,福島県、南会津合同庁舎,37.1852,139.9868,0.03442580645161291
2017-08-01,福島県、南相馬合同庁舎,37.7797,140.9796,0.06090322580645162
2017-08-01,福島県、白河合同庁舎,37.1309,140.2163,0.05625806451612904
2017-08-01,福島県、県北保健福祉事務所,37.749,140.482,0.12307096774193547
2017-08-01,福島県、郡山合同庁舎,37.4042,140.3842,0.07540645161290323
2017-09-01,伊達市霊山総合支所,37.7712,140.6408,0.08712
2017-09-01,福島県、会津若松合同庁舎,37.4727,139.9329,0.04290666666666667
2017-09-01,福島県、南会津合同庁舎,37.1852,139.9868,0.03424000000000001
2017-09-01,福島県、南相馬合同庁舎,37.7797,140.9796,0.061200000000000004
2017-09-01,福島県、白河合同庁舎,37.1309,140.2163,0.05568
2017-09-01,福島県、県北保健福祉事務所,37.749,140.482,0.12258666666666666
2017-09-01,福島県、郡山合同庁舎,37.4042,140.3842,0.07397333333333332
2017-10-01,伊達市霊山総合支所,37.7712,140.6408,0.08624516129032259
2017-10-01,福島県、会津若松合同庁舎,37.4727,139.9329,0.04307096774193549
2017-10-01,福島県、南会津合同庁舎,37.1852,139.9868,0.034632258064516135
2017-10-01,福島県、南相馬合同庁舎,37.7797,140.9796,0.06245161290322581
2017-10-01,福島県、白河合同庁舎,37.1309,140.2163,0.05628387096774194
2017-10-01,福島県、県北保健福祉事務所,37.749,140.482,0.12211612903225806
2017-10-01,福島県、郡山合同庁舎,37.4042,140.3842,0.07419354838709678
2017-11-01,伊達市霊山総合支所,37.7712,140.6408,0.08554666666666667
2017-11-01,福島県、会津若松合同庁舎,37.4727,139.9329,0.04346666666666667
2017-11-01,福島県、南会津合同庁舎,37.1852,139.9868,0.034346666666666664
2017-11-01,福島県、南相馬合同庁舎,37.7797,140.9796,0.061040000000000004
2017-11-01,福島県、白河合同庁舎,37.1309,140.2163,0.055600000000000004
2017-11-01,福島県、県北保健福祉事務所,37.749,140.482,0.12202666666666667
2017-11-01,福島県、郡山合同庁舎,37.4042,140.3842,0.07306666666666667
2017-12-01,伊達市霊山総合支所,37.7712,140.6408,0.08438709677419355
2017-12-01,福島県、会津若松合同庁舎,37.4727,139.9329,0.04216774193548387
2017-12-01,福島県、南会津合同庁舎,37.1852,139.9868,0.03310967741935484
2017-12-01,福島県、南相馬合同庁舎,37.7797,140.9796,0.06038709677419355
2017-12-01,福島県、白河合同庁舎,37.1309,140.2163,0.055432258064516134
2017-12-01,福島県、県北保健福祉事務所,37.749,140.482,0.12338064516129033
2017-12-01,福島県、郡山合同庁舎,37.4042,140.3842,0.0720516129032258
2018-01-01,伊達市霊山総合支所,37.7712,140.6408,0.07896774193548387
2018-01-01,福島県、会津若松合同庁舎,37.4727,139.9329,0.03976774193548387
2018-01-01,福島県、南会津合同庁舎,37.1852,139.9868,0.025806451612903226
2018-01-01,福島県、南相馬合同庁舎,37.7797,140.9796,0.05847741935483871
2018-01-01,福島県、白河合同庁舎,37.1309,140.2163,0.05341935483870968
2018-01-01,福島県、県北保健福祉事務所,37.749,140.482,0.11651612903225807
2018-01-01,福島県、郡山合同庁舎,37.4042,140.3842,0.06929032258064517
2018-02-01,伊達市霊山総合支所,37.7712,140.6408,0.08011428571428572
2018-02-01,福島県、会津若松合同庁舎,37.4727,139.9329,0.03617142857142858
2018-02-01,福島県、南会津合同庁舎,37.1852,139.9868,0.021800000000000003
2018-02-01,福島県、南相馬合同庁舎,37.7797,140.9796,0.0586
2018-02-01,福島県、白河合同庁舎,37.1309,140.2163,0.05302857142857143
2018-02-01,福島県、県北保健福祉事務所,37.749,140.482,0.11868571428571428
2018-02-01,福島県、郡山合同庁舎,37.4042,140.3842,0.06985714285714287
2018-03-01,伊達市霊山総合支所,37.7712,140.6408,0.0822451612903226
2018-03-01,福島県、会津若松合同庁舎,37.4727,139.9329,0.041858064516129036
2018-03-01,福島県、南会津合同庁舎,37.1852,139.9868,0.030683870967741937
2018-03-01,福島県、南相馬合同庁舎,37.7797,140.9796,0.05907096774193549
2018-03-01,福島県、白河合同庁舎,37.1309,140.2163,0.054400000000000004
2018-03-01,福島県、県北保健福祉事務所,37.749,140.482,0.12002580645161291
2018-03-01,福島県、郡山合同庁舎,37.4042,140.3842,0.06970322580645162
2018-04-01,伊達市霊山総合支所,37.7712,140.6408,0.08226666666666667
2018-04-01,福島県、会津若松合同庁舎,37.4727,139.9329,0.04221333333333334
2018-04-01,福島県、南会津合同庁舎,37.1852,139.9868,0.033466666666666665
2018-04-01,福島県、南相馬合同庁舎,37.7797,140.9796,0.05909333333333334
2018-04-01,福島県、白河合同庁舎,37.1309,140.2163,0.05408
2018-04-01,福島県、県北保健福祉事務所,37.749,140.482,0.11906666666666667
2018-04-01,福島県、郡山合同庁舎,37.4042,140.3842,0.0692
2018-05-01,伊達市霊山総合支所,37.7712,140.6408,0.0815741935483871
2018-05-01,福島県、会津若松合同庁舎,37.4727,139.9329,0.042554838709677426
2018-05-01,福島県、南会津合同庁舎,37.1852,139.9868,0.033858064516129036
2018-05-01,福島県、南相馬合同庁舎,37.7797,140.9796,0.05883870967741936
2018-05-01,福島県、白河合同庁舎,37.1309,140.2163,0.05411612903225806
2018-05-01,福島県、県北保健福祉事務所,37.749,140.482,0.11821935483870968
2018-05-01,福島県、郡山合同庁舎,37.4042,140.3842,0.06934193548387096
2018-06-01,伊達市霊山総合支所,37.7712,140.6408,0.08165333333333334
2018-06-01,福島県、会津若松合同庁舎,37.4727,139.9329,0.041653333333333334
2018-06-01,福島県、南会津合同庁舎,37.1852,139.9868,0.03418666666666667
2018-06-01,福島県、南相馬合同庁舎,37.7797,140.9796,0.057440000000000005
2018-06-01,福島県、白河合同庁舎,37.1309,140.2163,0.05336
2018-06-01,福島県、県北保健福祉事務所,37.749,140.482,0.11794666666666667
2018-06-01,福島県、郡山合同庁舎,37.4042,140.3842,0.06877333333333334
2018-07-01,伊達市霊山総合支所,37.7712,140.6408,0.08121290322580646
2018-07-01,福島県、会津若松合同庁舎,37.4727,139.9329,0.04172903225806452
2018-07-01,福島県、南会津合同庁舎,37.1852,139.9868,0.03450322580645162
2018-07-01,福島県、南相馬合同庁舎,37.7797,140.9796,0.056903225806451616
2018-07-01,福島県、白河合同庁舎,37.1309,140.2163,0.05321290322580645
2018-07-01,福島県、県北保健福祉事務所,37.749,140.482,0.11762580645161291
2018-07-01,福島県、郡山合同庁舎,37.4042,140.3842,0.06841290322580645
2018-08-01,伊達市霊山総合支所,37.7712,140.6408,0.08049032258064516
2018-08-01,福島県、会津若松合同庁舎,37.4727,139.9329,0.04198709677419355
2018-08-01,福島県、南会津合同庁舎,37.1852,139.9868,0.034632258064516135
2018-08-01,福島県、南相馬合同庁舎,37.7797,140.9796,0.05654193548387097
2018-08-01,福島県、白河合同庁舎,37.1309,140.2163,0.05347096774193548
2018-08-01,福島県、県北保健福祉事務所,37.749,140.482,0.11723870967741937
2018-08-01,福島県、郡山合同庁舎,37.4042,140.3842,0.0687483870967742
2018-09-01,伊達市霊山総合支所,37.7712,140.6408,0.07890666666666667
2018-09-01,福島県、会津若松合同庁舎,37.4727,139.9329,0.04216
2018-09-01,福島県、南会津合同庁舎,37.1852,139.9868,0.03432
2018-09-01,福島県、南相馬合同庁舎,37.7797,140.9796,0.055920000000000004
2018-09-01,福島県、白河合同庁舎,37.1309,140.2163,0.053413333333333333
2018-09-01,福島県、県北保健福祉事務所,37.749,140.482,0.11576000000000002
2018-09-01,福島県、郡山合同庁舎,37.4042,140.3842,0.06858666666666667
2018-10-01,伊達市霊山総合支所,37.7712,140.6408,0.07796129032258066
2018-10-01,福島県、会津若松合同庁舎,37.4727,139.9329,0.04203870967741936
2018-10-01,福島県、南会津合同庁舎,37.1852,139.9868,0.034890322580645165
2018-10-01,福島県、南相馬合同庁舎,37.7797,140.9796,0.055432258064516134
2018-10-01,福島県、白河合同庁舎,37.1309,140.2163,0.05313548387096774
2018-10-01,福島県、県北保健福祉事務所,37.749,140.482,0.1151225806451613
2018-10-01,福島県、郡山合同庁舎,37.4042,140.3842,0.06810322580645162
2018-11-01,伊達市霊山総合支所,37.7712,140.6408,0.07818666666666667
2018-11-01,福島県、会津若松合同庁舎,37.4727,139.9329,0.04184
2018-11-01,福島県、南会津合同庁舎,37.1852,139.9868,0.03509333333333333
2018-11-01,福島県、南相馬合同庁舎,37.7797,140.9796,0.055573333333333336
2018-11-01,福島県、白河合同庁舎,37.1309,140.2163,0.05298666666666667
2018-11-01,福島県、県北保健福祉事務所,37.749,140.482,0.11517333333333334
2018-11-01,福島県、郡山合同庁舎,37.4042,140.3842,0.06781333333333334
2018-12-01,伊達市霊山総合支所,37.7712,140.6408,0.07692903225806452
2018-12-01,福島県、会津若松合同庁舎,37.4727,139.9329,0.042451612903225806
2018-12-01,福島県、南会津合同庁舎,37.1852,139.9868,0.03473548387096774
2018-12-01,福島県、南相馬合同庁舎,37.7797,140.9796,0.05527741935483871
2018-12-01,福島県、白河合同庁舎,37.1309,140.2163,0.05321290322580645
2018-12-01,福島県、県北保健福祉事務所,37.749,140.482,0.11218064516129032
2018-12-01,福島県、郡山合同庁舎,37.4042,140.3842,0.06781935483870968
2019-01-01,伊達市霊山総合支所,37.7712,140.6408,0.07473548387096775
2019-01-01,福島県、会津若松合同庁舎,37.4727,139.9329,0.04196129032258065
2019-01-01,福島県、南会津合同庁舎,37.1852,139.9868,0.028051612903225807
2019-01-01,福島県、南相馬合同庁舎,37.7797,140.9796,0.054322580645161295
2019-01-01,福島県、白河合同庁舎,37.1309,140.2163,0.05290322580645162
2019-01-01,福島県、県北保健福祉事務所,37.749,140.482,0.1087483870967742
2019-01-01,福島県、郡山合同庁舎,37.4042,140.3842,0.06738064516129032
2019-02-01,伊達市霊山総合支所,37.7712,140.6408,0.07608571428571428
2019-02-01,福島県、会津若松合同庁舎,37.4727,139.9329,0.0414
2019-02-01,福島県、南会津合同庁舎,37.1852,139.9868,0.029485714285714285
2019-02-01,福島県、南相馬合同庁舎,37.7797,140.9796,0.0534
2019-02-01,福島県、白河合同庁舎,37.1309,140.2163,0.05242857142857143
2019-02-01,福島県、県北保健福祉事務所,37.749,140.482,0.11302857142857144
2019-02-01,福島県、郡山合同庁舎,37.4042,140.3842,0.06682857142857143
2019-03-01,伊達市霊山総合支所,37.7712,140.6408,0.076
2019-03-01,福島県、会津若松合同庁舎,37.4727,139.9329,0.041677419354838714
2019-03-01,福島県、南会津合同庁舎,37.1852,139.9868,0.033445161290322586
2019-03-01,福島県、南相馬合同庁舎,37.7797,140.9796,0.05527741935483871
2019-03-01,福島県、白河合同庁舎,37.1309,140.2163,0.05094193548387097
2019-03-01,福島県、県北保健福祉事務所,37.749,140.482,0.11218064516129032
2019-03-01,福島県、郡山合同庁舎,37.4042,140.3842,0.06487741935483872
2019-04-01,伊達市霊山総合支所,37.7712,140.6408,0.07501333333333333
2019-04-01,福島県、会津若松合同庁舎,37.4727,139.9329,0.04114666666666667
2019-04-01,福島県、南会津合同庁舎,37.1852,139.9868,0.03341333333333334
2019-04-01,福島県、南相馬合同庁舎,37.7797,140.9796,0.05530666666666668
2019-04-01,福島県、白河合同庁舎,37.1309,140.2163,0.04989333333333334
2019-04-01,福島県、県北保健福祉事務所,37.749,140.482,0.11040000000000001
2019-04-01,福島県、郡山合同庁舎,37.4042,140.3842,0.06277333333333333
2019-05-01,伊達市霊山総合支所,37.7712,140.6408,0.07473548387096775
2019-05-01,福島県、会津若松合同庁舎,37.4727,139.9329,0.041187096774193556
2019-05-01,福島県、南会津合同庁舎,37.1852,139.9868,0.03354838709677419
2019-05-01,福島県、南相馬合同庁舎,37.7797,140.9796,0.05550967741935484
2019-05-01,福島県、白河合同庁舎,37.1309,140.2163,0.0495741935483871
2019-05-01,福島県、県北保健福祉事務所,37.749,140.482,0.1103225806451613
2019-05-01,福島県、郡山合同庁舎,37.4042,140.3842,0.06281290322580645
2019-06-01,伊達市霊山総合支所,37.7712,140.6408,0.07424000000000001
2019-06-01,福島県、会津若松合同庁舎,37.4727,139.9329,0.041760000000000005
2019-06-01,福島県、南会津合同庁舎,37.1852,139.9868,0.03373333333333333
2019-06-01,福島県、南相馬合同庁舎,37.7797,140.9796,0.05474666666666667
2019-06-01,福島県、白河合同庁舎,37.1309,140.2163,0.05050666666666667
2019-06-01,福島県、県北保健福祉事務所,37.749,140.482,0.10968
2019-06-01,福島県、郡山合同庁舎,37.4042,140.3842,0.06296
2019-07-01,伊達市霊山総合支所,37.7712,140.6408,0.07233548387096773
2019-07-01,福島県、会津若松合同庁舎,37.4727,139.9329,0.04072258064516129
2019-07-01,福島県、南会津合同庁舎,37.1852,139.9868,0.03323870967741936
2019-07-01,福島県、南相馬合同庁舎,37.7797,140.9796,0.05344516129032258
2019-07-01,福島県、白河合同庁舎,37.1309,140.2163,0.04972903225806452
2019-07-01,福島県、県北保健福祉事務所,37.749,140.482,0.10820645161290322
2019-07-01,福島県、郡山合同庁舎,37.4042,140.3842,0.06183225806451613
2019-08-01,伊達市霊山総合支所,37.7712,140.6408,0.07385806451612903
2019-08-01,福島県、会津若松合同庁舎,37.4727,139.9329,0.04139354838709678
2019-08-01,福島県、南会津合同庁舎,37.1852,139.9868,0.03414193548387097
2019-08-01,福島県、南相馬合同庁舎,37.7797,140.9796,0.05383225806451613
2019-08-01,福島県、白河合同庁舎,37.1309,140.2163,0.04944516129032259
2019-08-01,福島県、県北保健福祉事務所,37.749,140.482,0.10825806451612903
2019-08-01,福島県、郡山合同庁舎,37.4042,140.3842,0.06209032258064516
2019-09-01,伊達市霊山総合支所,37.7712,140.6408,0.07077333333333334
2019-09-01,福島県、会津若松合同庁舎,37.4727,139.9329,0.040933333333333335
2019-09-01,福島県、南会津合同庁舎,37.1852,139.9868,0.03357333333333334
2019-09-01,福島県、南相馬合同庁舎,37.7797,140.9796,0.05293333333333334
2019-09-01,福島県、白河合同庁舎,37.1309,140.2163,0.048986666666666664
2019-09-01,福島県、県北保健福祉事務所,37.749,140.482,0.10677333333333335
2019-09-01,福島県、郡山合同庁舎,37.4042,140.3842,0.061040000000000004
2019-10-01,伊達市霊山総合支所,37.7712,140.6408,0.07011612903225807
2019-10-01,福島県、会津若松合同庁舎,37.4727,139.9329,0.04108387096774194
2019-10-01,福島県、南会津合同庁舎,37.1852,139.9868,0.03414193548387097
2019-10-01,福島県、南相馬合同庁舎,37.7797,140.9796,0.05372903225806452
2019-10-01,福島県、白河合同庁舎,37.1309,140.2163,0.0496258064516129
2019-10-01,福島県、県北保健福祉事務所,37.749,140.482,0.10645161290322581
2019-10-01,福島県、郡山合同庁舎,37.4042,140.3842,0.060954838709677425
2019-11-01,伊達市霊山総合支所,37.7712,140.6408,0.06986666666666667
2019-11-01,福島県、会津若松合同庁舎,37.4727,139.9329,0.041093333333333336
2019-11-01,福島県、南会津合同庁舎,37.1852,139.9868,0.03416
2019-11-01,福島県、南相馬合同庁舎,37.7797,140.9796,0.05266666666666667
2019-11-01,福島県、白河合同庁舎,37.1309,140.2163,0.04922666666666667
2019-11-01,福島県、県北保健福祉事務所,37.749,140.482,0.10624000000000001
2019-11-01,福島県、郡山合同庁舎,37.4042,140.3842,0.060880000000000004
2019-12-01,伊達市霊山総合支所,37.7712,140.6408,0.07003870967741936
2019-12-01,福島県、会津若松合同庁舎,37.4727,139.9329,0.04190967741935484
2019-12-01,福島県、南会津合同庁舎,37.1852,139.9868,0.03442580645161291
2019-12-01,福島県、南相馬合同庁舎,37.7797,140.9796,0.05246451612903226
2019-12-01,福島県、白河合同庁舎,37.1309,140.2163,0.04941935483870968
2019-12-01,福島県、県北保健福祉事務所,37.749,140.482,0.1056516129032258
2019-12-01,福島県、郡山合同庁舎,37.4042,140.3842,0.06087741935483871
2020-01-01,伊達市霊山総合支所,37.7712,140.6408,0.06936774193548388
2020-01-01,福島県、会津若松合同庁舎,37.4727,139.9329,0.04165161290322581
2020-01-01,福島県、南会津合同庁舎,37.1852,139.9868,0.03414193548387097
2020-01-01,福島県、南相馬合同庁舎,37.7797,140.9796,0.052335483870967744
2020-01-01,福島県、白河合同庁舎,37.1309,140.2163,0.04939354838709678
2020-01-01,福島県、県北保健福祉事務所,37.749,140.482,0.10490322580645162
2020-01-01,福島県、郡山合同庁舎,37.4042,140.3842,0.06072258064516129
2020-02-01,伊達市霊山総合支所,37.7712,140.6408,0.0688
2020-02-01,福島県、会津若松合同庁舎,37.4727,139.9329,0.04168275862068966
2020-02-01,福島県、南会津合同庁舎,37.1852,139.9868,0.033958620689655175
2020-02-01,福島県、南相馬合同庁舎,37.7797,140.9796,0.05205517241379311
2020-02-01,福島県、白河合同庁舎,37.1309,140.2163,0.04940689655172414
2020-02-01,福島県、県北保健福祉事務所,37.749,140.482,0.10438620689655173
2020-02-01,福島県、郡山合同庁舎,37.4042,140.3842,0.060772413793103455
2020-03-01,伊達市霊山総合支所,37.7712,140.6408,0.06805161290322582
2020-03-01,福島県、会津若松合同庁舎,37.4727,139.9329,0.04129032258064516
2020-03-01,福島県、南会津合同庁舎,37.1852,139.9868,0.03370322580645162
2020-03-01,福島県、南相馬合同庁舎,37.7797,140.9796,0.05150967741935484
2020-03-01,福島県、白河合同庁舎,37.1309,140.2163,0.048825806451612906
2020-03-01,福島県、県北保健福祉事務所,37.749,140.482,0.10356129032258064
2020-03-01,福島県、郡山合同庁舎,37.4042,140.3842,0.06028387096774194
2020-04-01,伊達市霊山総合支所,37.7712,140.6408,0.06762666666666668
2020-04-01,福島県、会津若松合同庁舎,37.4727,139.9329,0.040746666666666674
2020-04-01,福島県、南会津合同庁舎,37.1852,139.9868,0.03338666666666667
2020-04-01,福島県、南相馬合同庁舎,37.7797,140.9796,0.051306666666666674
2020-04-01,福島県、白河合同庁舎,37.1309,140.2163,0.048773333333333335
2020-04-01,福島県、県北保健福祉事務所,37.749,140.482,0.10314666666666668
2020-04-01,福島県、郡山合同庁舎,37.4042,140.3842,0.0596
2020-05-01,伊達市霊山総合支所,37.7712,140.6408,0.06779354838709677
2020-05-01,福島県、会津若松合同庁舎,37.4727,139.9329,0.04059354838709677
2020-05-01,福島県、南会津合同庁舎,37.1852,139.9868,0.03347096774193549
2020-05-01,福島県、南相馬合同庁舎,37.7797,140.9796,0.05094193548387097
2020-05-01,福島県、白河合同庁舎,37.1309,140.2163,0.0487741935483871
2020-05-01,福島県、県北保健福祉事務所,37.749,140.482,0.1032516129032258
2020-05-01,福島県、郡山合同庁舎,37.4042,140.3842,0.059587096774193556
2020-06-01,伊達市霊山総合支所,37.7712,140.6408,0.06826666666666667
2020-06-01,福島県、会津若松合同庁舎,37.4727,139.9329,0.040746666666666674
2020-06-01,福島県、南会津合同庁舎,37.1852,139.9868,0.03402666666666667
2020-06-01,福島県、南相馬合同庁舎,37.7797,140.9796,0.05026666666666667
2020-06-01,福島県、白河合同庁舎,37.1309,140.2163,0.04885333333333333
2020-06-01,福島県、県北保健福祉事務所,37.749,140.482,0.10306666666666667
2020-06-01,福島県、郡山合同庁舎,37.4042,140.3842,0.060346666666666667
2020-07-01,伊達市霊山総合支所,37.7712,140.6408,0.06668387096774193
2020-07-01,福島県、会津若松合同庁舎,37.4727,139.9329,0.04165161290322581
2020-07-01,福島県、南会津合同庁舎,37.1852,139.9868,0.033419354838709676
2020-07-01,福島県、南相馬合同庁舎,37.7797,140.9796,0.049935483870967745
2020-07-01,福島県、白河合同庁舎,37.1309,140.2163,0.0488
2020-07-01,福島県、県北保健福祉事務所,37.749,140.482,0.10206451612903227
2020-07-01,福島県、郡山合同庁舎,37.4042,140.3842,0.06038709677419355
2020-08-01,伊達市霊山総合支所,37.7712,140.6408,0.06668387096774193
2020-08-01,福島県、会津若松合同庁舎,37.4727,139.9329,0.040490322580645166
2020-08-01,福島県、南会津合同庁舎,37.1852,139.9868,0.033677419354838714
2020-08-01,福島県、南相馬合同庁舎,37.7797,140.9796,0.04830967741935484
2020-08-01,福島県、白河合同庁舎,37.1309,140.2163,0.04789677419354839
2020-08-01,福島県、県北保健福祉事務所,37.749,140.482,0.1023483870967742
2020-08-01,福島県、郡山合同庁舎,37.4042,140.3842,0.05909677419354839
2020-09-01,伊達市霊山総合支所,37.7712,140.6408,0.06613333333333334
2020-09-01,福島県、会津若松合同庁舎,37.4727,139.9329,0.04032
2020-09-01,福島県、南会津合同庁舎,37.1852,139.9868,0.031893333333333336
2020-09-01,福島県、南相馬合同庁舎,37.7797,140.9796,0.04792
2020-09-01,福島県、白河合同庁舎,37.1309,140.2163,0.04712
2020-09-01,福島県、県北保健福祉事務所,37.749,140.482,0.10093333333333333
2020-09-01,福島県、郡山合同庁舎,37.4042,140.3842,0.05824
2020-10-01,伊達市霊山総合支所,37.7712,140.6408,0.06557419354838709
2020-10-01,福島県、会津若松合同庁舎,37.4727,139.9329,0.040634482758620694
2020-10-01,福島県、南会津合同庁舎,37.1852,139.9868,0.032232258064516135
2020-10-01,福島県、南相馬合同庁舎,37.7797,140.9796,0.0487483870967742
2020-10-01,福島県、白河合同庁舎,37.1309,140.2163,0.04771612903225807
2020-10-01,福島県、県北保健福祉事務所,37.749,140.482,0.1007483870967742
2020-10-01,福島県、郡山合同庁舎,37.4042,140.3842,0.05842580645161291
2020-11-01,伊達市霊山総合支所,37.7712,140.6408,0.06613333333333334
2020-11-01,福島県、会津若松合同庁舎,37.4727,139.9329,0.041093333333333336
2020-11-01,福島県、南会津合同庁舎,37.1852,139.9868,0.03298666666666667
2020-11-01,福島県、南相馬合同庁舎,37.7797,140.9796,0.0484
2020-11-01,福島県、白河合同庁舎,37.1309,140.2163,0.04754666666666667
2020-11-01,福島県、県北保健福祉事務所,37.749,140.482,0.10125333333333335
2020-11-01,福島県、郡山合同庁舎,37.4042,140.3842,0.058666666666666666
2020-12-01,伊達市霊山総合支所,37.7712,140.6408,0.06536774193548388
2020-12-01,福島県、会津若松合同庁舎,37.4727,139.9329,0.04103225806451613
2020-12-01,福島県、南会津合同庁舎,37.1852,139.9868,0.0311741935483871
2020-12-01,福島県、南相馬合同庁舎,37.7797,140.9796,0.04810322580645161
2020-12-01,福島県、白河合同庁舎,37.1309,140.2163,0.047432258064516127
2020-12-01,福島県、県北保健福祉事務所,37.749,140.482,0.09837419354838711
2020-12-01,福島県、郡山合同庁舎,37.4042,140.3842,0.05881290322580646
2021-01-01,伊達市霊山総合支所,37.7712,140.6408,0.06510967741935485
2021-01-01,福島県、会津若松合同庁舎,37.4727,139.9329,0.04025806451612903
2021-01-01,福島県、南会津合同庁舎,37.1852,139.9868,0.02789677419354839
2021-01-01,福島県、南相馬合同庁舎,37.7797,140.9796,0.048129032258064516
2021-01-01,福島県、白河合同庁舎,37.1309,140.2163,0.04771612903225807
2021-01-01,福島県、県北保健福祉事務所,37.749,140.482,0.0990709677419355
2021-01-01,福島県、郡山合同庁舎,37.4042,140.3842,0.058529032258064516
2021-02-01,伊達市霊山総合支所,37.7712,140.6408,0.06488571428571428
2021-02-01,福島県、会津若松合同庁舎,37.4727,139.9329,0.039085714285714286
2021-02-01,福島県、南会津合同庁舎,37.1852,139.9868,0.027171428571428572
2021-02-01,福島県、南相馬合同庁舎,37.7797,140.9796,0.04874285714285714
2021-02-01,福島県、白河合同庁舎,37.1309,140.2163,0.04751428571428572
2021-02-01,福島県、県北保健福祉事務所,37.749,140.482,0.09865714285714286
2021-02-01,福島県、郡山合同庁舎,37.4042,140.3842,0.05771428571428572
2021-03-01,伊達市霊山総合支所,37.7712,140.6408,0.06436129032258064
2021-03-01,福島県、会津若松合同庁舎,37.4727,139.9329,0.04034666666666666
2021-03-01,福島県、南会津合同庁舎,37.1852,139.9868,0.030506666666666668
2021-03-01,福島県、南相馬合同庁舎,37.7797,140.9796,0.04885161290322581
2021-03-01,福島県、白河合同庁舎,37.1309,140.2163,0.04732903225806452
2021-03-01,福島県、県北保健福祉事務所,37.749,140.482,0.09878709677419356
2021-03-01,福島県、郡山合同庁舎,37.4042,140.3842,0.05765161290322581
2021-04-01,伊達市霊山総合支所,37.7712,140.6408,0.06394666666666667
2021-04-01,福島県、会津若松合同庁舎,37.4727,139.9329,0.040106666666666665
2021-04-01,福島県、南会津合同庁舎,37.1852,139.9868,0.03168
2021-04-01,福島県、南相馬合同庁舎,37.7797,140.9796,0.049280000000000004
2021-04-01,福島県、白河合同庁舎,37.1309,140.2163,0.04674666666666667
2021-04-01,福島県、県北保健福祉事務所,37.749,140.482,0.0984
2021-04-01,福島県、郡山合同庁舎,37.4042,140.3842,0.056773333333333335
2021-05-01,伊達市霊山総合支所,37.7712,140.6408,0.06374193548387097
2021-05-01,福島県、会津若松合同庁舎,37.4727,139.9329,0.040825806451612906
2021-05-01,福島県、南会津合同庁舎,37.1852,139.9868,0.03189677419354839
2021-05-01,福島県、南相馬合同庁舎,37.7797,140.9796,0.04996129032258065
2021-05-01,福島県、白河合同庁舎,37.1309,140.2163,0.04748387096774193
2021-05-01,福島県、県北保健福祉事務所,37.749,140.482,0.09819354838709678
2021-05-01,福島県、郡山合同庁舎,37.4042,140.3842,0.05739354838709678
2021-06-01,伊達市霊山総合支所,37.7712,140.6408,0.06386666666666667
2021-06-01,福島県、会津若松合同庁舎,37.4727,139.9329,0.040453333333333334
2021-06-01,福島県、南会津合同庁舎,37.1852,139.9868,0.03181333333333333
2021-06-01,福島県、南相馬合同庁舎,37.7797,140.9796,0.04821333333333334
2021-06-01,福島県、白河合同庁舎,37.1309,140.2163,0.04661333333333333
2021-06-01,福島県、県北保健福祉事務所,37.749,140.482,0.09749333333333335
2021-06-01,福島県、郡山合同庁舎,37.4042,140.3842,0.057280000000000005
2021-07-01,伊達市霊山総合支所,37.7712,140.6408,0.06299354838709678
2021-07-01,福島県、会津若松合同庁舎,37.4727,139.9329,0.0407483870967742
2021-07-01,福島県、南会津合同庁舎,37.1852,139.9868,0.031948387096774195
2021-07-01,福島県、南相馬合同庁舎,37.7797,140.9796,0.048
2021-07-01,福島県、白河合同庁舎,37.1309,140.2163,0.04691612903225807
2021-07-01,福島県、県北保健福祉事務所,37.749,140.482,0.09713548387096775
2021-07-01,福島県、郡山合同庁舎,37.4042,140.3842,0.05734193548387097
2021-08-01,伊達市霊山総合支所,37.7712,140.6408,0.06270967741935485
2021-08-01,福島県、会津若松合同庁舎,37.4727,139.9329,0.0408516129032258
2021-08-01,福島県、南会津合同庁舎,37.1852,139.9868,0.032232258064516135
2021-08-01,福島県、南相馬合同庁舎,37.7797,140.9796,0.048490322580645166
2021-08-01,福島県、白河合同庁舎,37.1309,140.2163,0.046503225806451616
2021-08-01,福島県、県北保健福祉事務所,37.749,140.482,0.09682580645161291
2021-08-01,福島県、郡山合同庁舎,37.4042,140.3842,0.05633548387096775
2021-09-01,伊達市霊山総合支所,37.7712,140.6408,0.06208
2021-09-01,福島県、会津若松合同庁舎,37.4727,139.9329,0.04064
2021-09-01,福島県、南会津合同庁舎,37.1852,139.9868,0.03213333333333333
2021-09-01,福島県、南相馬合同庁舎,37.7797,140.9796,0.047760000000000004
2021-09-01,福島県、白河合同庁舎,37.1309,140.2163,0.046426666666666665
2021-09-01,福島県、県北保健福祉事務所,37.749,140.482,0.09640000000000001
2021-09-01,福島県、郡山合同庁舎,37.4042,140.3842,0.05597333333333334
2021-10-01,伊達市霊山総合支所,37.7712,140.6408,0.06175483870967742
2021-10-01,福島県、会津若松合同庁舎,37.4727,139.9329,0.0408516129032258
2021-10-01,福島県、南会津合同庁舎,37.1852,139.9868,0.03251612903225806
2021-10-01,福島県、南相馬合同庁舎,37.7797,140.9796,0.04910967741935484
2021-10-01,福島県、白河合同庁舎,37.1309,140.2163,0.046374193548387094
2021-10-01,福島県、県北保健福祉事務所,37.749,140.482,0.09615483870967743
2021-10-01,福島県、郡山合同庁舎,37.4042,140.3842,0.05530322580645162
2021-11-01,伊達市霊山総合支所,37.7712,140.6408,0.061733333333333335
2021-11-01,福島県、会津若松合同庁舎,37.4727,139.9329,0.04133333333333333
2021-11-01,福島県、南会津合同庁舎,37.1852,139.9868,0.03301333333333333
2021-11-01,福島県、南相馬合同庁舎,37.7797,140.9796,0.048613333333333335
2021-11-01,福島県、白河合同庁舎,37.1309,140.2163,0.046186666666666674
2021-11-01,福島県、県北保健福祉事務所,37.749,140.482,0.09610666666666666
2021-11-01,福島県、郡山合同庁舎,37.4042,140.3842,0.05557333333333334
2021-12-01,伊達市霊山総合支所,37.7712,140.6408,0.060748387096774194
2021-12-01,福島県、会津若松合同庁舎,37.4727,139.9329,0.04203870967741936
2021-12-01,福島県、南会津合同庁舎,37.1852,139.9868,0.03225806451612903
2021-12-01,福島県、南相馬合同庁舎,37.7797,140.9796,0.04841290322580646
2021-12-01,福島県、白河合同庁舎,37.1309,140.2163,0.04647741935483871
2021-12-01,福島県、県北保健福祉事務所,37.749,140.482,0.09298064516129033
2021-12-01,福島県、郡山合同庁舎,37.4042,140.3842,0.05558709677419355
2022-01-01,伊達市霊山総合支所,37.7712,140.6408,0.05545806451612904
2022-01-01,福島県、会津若松合同庁舎,37.4727,139.9329,0.0352
2022-01-01,福島県、南会津合同庁舎,37.1852,139.9868,0.021135483870967742
2022-01-01,福島県、南相馬合同庁舎,37.7797,140.9796,0.047793548387096776
2022-01-01,福島県、白河合同庁舎,37.1309,140.2163,0.04580645161290323
2022-01-01,福島県、県北保健福祉事務所,37.749,140.482,0.07943225806451613
2022-01-01,福島県、郡山合同庁舎,37.4042,140.3842,0.054658064516129035
2022-02-01,伊達市霊山総合支所,37.7712,140.6408,0.05834285714285715
2022-02-01,福島県、会津若松合同庁舎,37.4727,139.9329,0.038085714285714285
2022-02-01,福島県、南会津合同庁舎,37.1852,139.9868,0.019742857142857145
2022-02-01,福島県、南相馬合同庁舎,37.7797,140.9796,0.04751428571428572
2022-02-01,福島県、白河合同庁舎,37.1309,140.2163,0.046142857142857145
2022-02-01,福島県、県北保健福祉事務所,37.749,140.482,0.09031428571428571
2022-02-01,福島県、郡山合同庁舎,37.4042,140.3842,0.0546
2022-03-01,伊達市霊山総合支所,37.7712,140.6408,0.060851612903225806
2022-03-01,福島県、会津若松合同庁舎,37.4727,139.9329,0.04064516129032258
2022-03-01,福島県、南会津合同庁舎,37.1852,139.9868,0.02670967741935484
2022-03-01,福島県、南相馬合同庁舎,37.7797,140.9796,0.04750967741935484
2022-03-01,福島県、白河合同庁舎,37.1309,140.2163,0.04601290322580646
2022-03-01,福島県、県北保健福祉事務所,37.749,140.482,0.09419354838709677
2022-03-01,福島県、郡山合同庁舎,37.4042,140.3842,0.05447741935483871
2022-04-01,伊達市霊山総合支所,37.7712,140.6408,0.061226666666666665
2022-04-01,福島県、会津若松合同庁舎,37.4727,139.9329,0.04096
2022-04-01,福島県、南会津合同庁舎,37.1852,139.9868,0.03186666666666667
2022-04-01,福島県、南相馬合同庁舎,37.7797,140.9796,0.04738666666666667
2022-04-01,福島県、白河合同庁舎,37.1309,140.2163,0.04549333333333334
2022-04-01,福島県、県北保健福祉事務所,37.749,140.482,0.09397333333333333
2022-04-01,福島県、郡山合同庁舎,37.4042,140.3842,0.054240000000000003
2022-05-01,伊達市霊山総合支所,37.7712,140.6408,0.061625806451612905
2022-05-01,福島県、会津若松合同庁舎,37.4727,139.9329,0.04087741935483871
2022-05-01,福島県、南会津合同庁舎,37.1852,139.9868,0.032129032258064516
2022-05-01,福島県、南相馬合同庁舎,37.7797,140.9796,0.04756129032258064
2022-05-01,福島県、白河合同庁舎,37.1309,140.2163,0.04565161290322581
2022-05-01,福島県、県北保健福祉事務所,37.749,140.482,0.09380645161290323
2022-05-01,福島県、郡山合同庁舎,37.4042,140.3842,0.05463225806451614
2022-06-01,伊達市霊山総合支所,37.7712,140.6408,0.06130666666666667
2022-06-01,福島県、会津若松合同庁舎,37.4727,139.9329,0.04090666666666667
2022-06-01,福島県、南会津合同庁舎,37.1852,139.9868,0.032293333333333334
2022-06-01,福島県、南相馬合同庁舎,37.7797,140.9796,0.04744
2022-06-01,福島県、白河合同庁舎,37.1309,140.2163,0.04549333333333334
2022-06-01,福島県、県北保健福祉事務所,37.749,140.482,0.09333333333333334
2022-06-01,福島県、郡山合同庁舎,37.4042,140.3842,0.05445333333333334
2022-07-01,伊達市霊山総合支所,37.7712,140.6408,0.06209032258064516
2022-07-01,福島県、会津若松合同庁舎,37.4727,139.9329,0.04136774193548387
2022-07-01,福島県、南会津合同庁舎,37.1852,139.9868,0.032980645161290324
2022-07-01,福島県、南相馬合同庁舎,37.7797,140.9796,0.04696774193548387
2022-07-01,福島県、白河合同庁舎,37.1309,140.2163,0.0455741935483871
2022-07-01,福島県、県北保健福祉事務所,37.749,140.482,0.09295483870967743
2022-07-01,福島県、郡山合同庁舎,37.4042,140.3842,0.054580645161290325
2022-08-01,伊達市霊山総合支所,37.7712,140.6408,0.06209032258064516
2022-08-01,福島県、会津若松合同庁舎,37.4727,139.9329,0.041187096774193556
2022-08-01,福島県、南会津合同庁舎,37.1852,139.9868,0.03246451612903226
2022-08-01,福島県、南相馬合同庁舎,37.7797,140.9796,0.04704516129032259
2022-08-01,福島県、白河合同庁舎,37.1309,140.2163,0.0455741935483871
2022-08-01,福島県、県北保健福祉事務所,37.749,140.482,0.09326451612903226
2022-08-01,福島県、郡山合同庁舎,37.4042,140.3842,0.054580645161290325
2022-09-01,伊達市霊山総合支所,37.7712,140.6408,0.06049655172413793
2022-09-01,福島県、会津若松合同庁舎,37.4727,139.9329,0.04037333333333334
2022-09-01,福島県、南会津合同庁舎,37.1852,139.9868,0.031893333333333336
2022-09-01,福島県、南相馬合同庁舎,37.7797,140.9796,0.046213333333333335
2022-09-01,福島県、白河合同庁舎,37.1309,140.2163,0.04504
2022-09-01,福島県、県北保健福祉事務所,37.749,140.482,0.09266666666666667
2022-09-01,福島県、郡山合同庁舎,37.4042,140.3842,0.053573333333333334
2022-10-01,伊達市霊山総合支所,37.7712,140.6408,0.060929032258064515
2022-10-01,福島県、会津若松合同庁舎,37.4727,139.9329,0.04061935483870968
2022-10-01,福島県、南会津合同庁舎,37.1852,139.9868,0.03298064516129033
2022-10-01,福島県、南相馬合同庁舎,37.7797,140.9796,0.046580645161290325
2022-10-01,福島県、白河合同庁舎,37.1309,140.2163,0.04544516129032258
2022-10-01,福島県、県北保健福祉事務所,37.749,140.482,0.09285161290322581
2022-10-01,福島県、郡山合同庁舎,37.4042,140.3842,0.05398709677419355
2022-11-01,伊達市霊山総合支所,37.7712,140.6408,0.061546666666666666
2022-11-01,福島県、会津若松合同庁舎,37.4727,139.9329,0.04096
2022-11-01,福島県、南会津合同庁舎,37.1852,139.9868,0.03288
2022-11-01,福島県、南相馬合同庁舎,37.7797,140.9796,0.04701333333333334
2022-11-01,福島県、白河合同庁舎,37.1309,140.2163,0.04562666666666667
2022-11-01,福島県、県北保健福祉事務所,37.749,140.482,0.09312000000000001
2022-11-01,福島県、郡山合同庁舎,37.4042,140.3842,0.054106666666666664
2022-12-01,いわき市,37.0506,140.8931,0.0568
2022-12-01,伊達市霊山総合支所,37.7712,140.6408,0.060593548387096775
2022-12-01,福島県、会津若松合同庁舎,37.4727,139.9329,0.04095483870967742
2022-12-01,福島県、南会津合同庁舎,37.1852,139.9868,0.03132903225806452
2022-12-01,福島県、南相馬合同庁舎,37.7797,140.9796,0.04629677419354839
2022-12-01,福島県、白河合同庁舎,37.1309,140.2163,0.04554838709677419
2022-12-01,福島県、県北保健福祉事務所,37.749,140.482,0.09218064516129033
2022-12-01,福島県、郡山合同庁舎,37.4042,140.3842,0.05365161290322581
2023-01-01,伊達市霊山総合支所,37.7712,140.6408,0.05943225806451613
2023-01-01,福島県、会津若松合同庁舎,37.4727,139.9329,0.0408
2023-01-01,福島県、南会津合同庁舎,37.1852,139.9868,0.029109677419354843
2023-01-01,福島県、南相馬合同庁舎,37.7797,140.9796,0.04616774193548387
2023-01-01,福島県、白河合同庁舎,37.1309,140.2163,0.04513548387096774
2023-01-01,福島県、県北保健福祉事務所,37.749,140.482,0.08972903225806451
2023-01-01,福島県、郡山合同庁舎,37.4042,140.3842,0.05378064516129032
2023-02-01,いわき市,37.0506,140.8931,0.0748
2023-02-01,伊達市霊山総合支所,37.7712,140.6408,0.059257142857142855
2023-02-01,福島県、会津若松合同庁舎,37.4727,139.9329,0.04045714285714286
2023-02-01,福島県、南会津合同庁舎,37.1852,139.9868,0.028
2023-02-01,福島県、南相馬合同庁舎,37.7797,140.9796,0.04545714285714286
2023-02-01,福島県、白河合同庁舎,37.1309,140.2163,0.044314285714285716
2023-02-01,福島県、県北保健福祉事務所,37.749,140.482,0.08937142857142857
2023-02-01,福島県、郡山合同庁舎,37.4042,140.3842,0.05311428571428572
2023-03-01,伊達市霊山総合支所,37.7712,140.6408,0.06036129032258065
2023-03-01,福島県、会津若松合同庁舎,37.4727,139.9329,0.04061935483870968
2023-03-01,福島県、南会津合同庁舎,37.1852,139.9868,0.030606451612903228
2023-03-01,福島県、南相馬合同庁舎,37.7797,140.9796,0.04578064516129032
2023-03-01,福島県、白河合同庁舎,37.1309,140.2163,0.045048275862068964
2023-03-01,福島県、県北保健福祉事務所,37.749,140.482,0.09298461538461539
2023-03-01,福島県、郡山合同庁舎,37.4042,140.3842,0.05343448275862069
2023-04-01,伊達市霊山総合支所,37.7712,140.6408,0.060320000000000006
2023-04-01,福島県、会津若松合同庁舎,37.4727,139.9329,0.04072
2023-04-01,福島県、南会津合同庁舎,37.1852,139.9868,0.031173333333333334
2023-04-01,福島県、南相馬合同庁舎,37.7797,140.9796,0.046239999999999996
2023-04-01,福島県、白河合同庁舎,37.1309,140.2163,0.04504
2023-04-01,福島県、県北保健福祉事務所,37.749,140.482,0.09432
2023-04-01,福島県、郡山合同庁舎,37.4042,140.3842,0.05336
2023-05-01,伊達市霊山総合支所,37.7712,140.6408,0.06061935483870968
2023-05-01,福島県、会津若松合同庁舎,37.4727,139.9329,0.0408516129032258
2023-05-01,福島県、南会津合同庁舎,37.1852,139.9868,0.031225806451612905
2023-05-01,福島県、南相馬合同庁舎,37.7797,140.9796,0.04689032258064516
2023-05-01,福島県、白河合同庁舎,37.1309,140.2163,0.04521290322580645
2023-05-01,福島県、県北保健福祉事務所,37.749,140.482,0.09452903225806451
2023-05-01,福島県、郡山合同庁舎,37.4042,140.3842,0.05383225806451613
2023-06-01,伊達市霊山総合支所,37.7712,140.6408,0.06029333333333334
2023-06-01,福島県、会津若松合同庁舎,37.4727,139.9329,0.04141333333333334
2023-06-01,福島県、南会津合同庁舎,37.1852,139.9868,0.03154666666666667
2023-06-01,福島県、南相馬合同庁舎,37.7797,140.9796,0.04677333333333333
2023-06-01,福島県、白河合同庁舎,37.1309,140.2163,0.04562666666666667
2023-06-01,福島県、県北保健福祉事務所,37.749,140.482,0.0944
2023-06-01,福島県、郡山合同庁舎,37.4042,140.3842,0.053733333333333334
2023-07-01,伊達市霊山総合支所,37.7712,140.6408,0.06090322580645162
2023-07-01,福島県、会津若松合同庁舎,37.4727,139.9329,0.04121290322580645
2023-07-01,福島県、南会津合同庁舎,37.1852,139.9868,0.03174193548387097
2023-07-01,福島県、南相馬合同庁舎,37.7797,140.9796,0.04696774193548387
2023-07-01,福島県、白河合同庁舎,37.1309,140.2163,0.045264516129032255
2023-07-01,福島県、県北保健福祉事務所,37.749,140.482,0.09538064516129031
2023-07-01,福島県、郡山合同庁舎,37.4042,140.3842,0.0535741935483871
2023-08-01,伊達市霊山総合支所,37.7712,140.6408,0.060077419354838714
2023-08-01,福島県、会津若松合同庁舎,37.4727,139.9329,0.04018064516129032
2023-08-01,福島県、南会津合同庁舎,37.1852,139.9868,0.03130322580645161
2023-08-01,福島県、南相馬合同庁舎,37.7797,140.9796,0.04624516129032258
2023-08-01,福島県、白河合同庁舎,37.1309,140.2163,0.04456774193548388
2023-08-01,福島県、県北保健福祉事務所,37.749,140.482,0.09009032258064517
2023-08-01,福島県、郡山合同庁舎,37.4042,140.3842,0.0528
2023-09-01,いわき市,37.0506,140.8931,0.041600000000000005
2023-09-01,伊達市霊山総合支所,37.7712,140.6408,0.058266666666666675
2023-09-01,南相馬市,37.7667,140.9754,0.08
2023-09-01,福島県、会津若松合同庁舎,37.4727,139.9329,0.04064
2023-09-01,福島県、南会津合同庁舎,37.1852,139.9868,0.03192
2023-09-01,福島県、南相馬合同庁舎,37.7797,140.9796,0.045200000000000004
2023-09-01,福島県、白河合同庁舎,37.1309,140.2163,0.04493333333333334
2023-09-01,福島県、県北保健福祉事務所,37.749,140.482,0.08856
2023-09-01,福島県、郡山合同庁舎,37.4042,140.3842,0.053040000000000004
2023-10-01,いわき市,37.0506,140.8931,0.0408
2023-10-01,伊達市霊山総合支所,37.7712,140.6408,0.058012903225806454
2023-10-01,南相馬市,37.7667,140.9754,0.068
2023-10-01,福島県、会津若松合同庁舎,37.4727,139.9329,0.040464516129032256
2023-10-01,福島県、南会津合同庁舎,37.1852,139.9868,0.03207741935483871
2023-10-01,福島県、南相馬合同庁舎,37.7797,140.9796,0.04529032258064516
2023-10-01,福島県、白河合同庁舎,37.1309,140.2163,0.04529032258064516
2023-10-01,福島県、県北保健福祉事務所,37.749,140.482,0.08841290322580646
2023-10-01,福島県、郡山合同庁舎,37.4042,140.3842,0.0528258064516129
2023-11-01,いわき市,37.0506,140.8931,0.0396
2023-11-01,伊達市霊山総合支所,37.7712,140.6408,0.05826666666666667
2023-11-01,南相馬市,37.7667,140.9754,0.07440000000000001
2023-11-01,双葉郡川内村,37.3375,140.7936,0.0872
2023-11-01,双葉郡広野町,37.1994,140.9928,0.0532
2023-11-01,双葉郡浪江町,37.5684,140.9706,0.42880000000000007
2023-11-01,福島県、会津若松合同庁舎,37.4727,139.9329,0.04224000000000001
2023-11-01,福島県、南会津合同庁舎,37.1852,139.9868,0.03354666666666666
2023-11-01,福島県、南相馬合同庁舎,37.7797,140.9796,0.045226666666666665
2023-11-01,福島県、白河合同庁舎,37.1309,140.2163,0.045546666666666666
2023-11-01,福島県、県北保健福祉事務所,37.749,140.482,0.08914666666666668
2023-11-01,福島県、郡山合同庁舎,37.4042,140.3842,0.05338666666666667
2023-12-01,伊達市霊山総合支所,37.7712,140.6408,0.05783225806451613
2023-12-01,福島県、会津若松合同庁舎,37.4727,139.9329,0.04165161290322581
2023-12-01,福島県、南会津合同庁舎,37.1852,139.9868,0.03210322580645161
2023-12-01,福島県、南相馬合同庁舎,37.7797,140.9796,0.04513548387096774
2023-12-01,福島県、白河合同庁舎,37.1309,140.2163,0.04552258064516129
2023-12-01,福島県、県北保健福祉事務所,37.749,140.482,0.0887225806451613
2023-12-01,福島県、郡山合同庁舎,37.4042,140.3842,0.053032258064516134
2024-01-01,伊達市霊山総合支所,37.7712,140.6408,0.0576258064516129
2024-01-01,双葉郡川内村,37.3375,140.7936,0.0844
2024-01-01,双葉郡広野町,37.1994,140.9928,0.05160000000000001
2024-01-01,双葉郡楢葉町,37.2843,140.9996,0.046
2024-01-01,双葉郡浪江町,37.5684,140.9706,0.4156
2024-01-01,双葉郡葛尾村,37.6062,140.7712,0.09040000000000001
2024-01-01,福島県、会津若松合同庁舎,37.4727,139.9329,0.04103225806451613
2024-01-01,福島県、南会津合同庁舎,37.1852,139.9868,0.0304
2024-01-01,福島県、南相馬合同庁舎,37.7797,140.9796,0.044851612903225806
2024-01-01,福島県、白河合同庁舎,37.1309,140.2163,0.04544516129032258
2024-01-01,福島県、県北保健福祉事務所,37.749,140.482,0.08854193548387097
2024-01-01,福島県、郡山合同庁舎,37.4042,140.3842,0.052748387096774194
2024-02-01,伊達市霊山総合支所,37.7712,140.6408,0.056855172413793106
2024-02-01,双葉郡楢葉町,37.2843,140.9996,0.0472
2024-02-01,福島県、会津若松合同庁舎,37.4727,139.9329,0.04055172413793103
2024-02-01,福島県、南会津合同庁舎,37.1852,139.9868,0.02893793103448276
2024-02-01,福島県、南相馬合同庁舎,37.7797,140.9796,0.044441379310344836
2024-02-01,福島県、白河合同庁舎,37.1309,140.2163,0.044441379310344836
2024-02-01,福島県、県北保健福祉事務所,37.749,140.482,0.0879448275862069
2024-02-01,福島県、郡山合同庁舎,37.4042,140.3842,0.05213793103448276
2024-03-01,伊達市霊山総合支所,37.7712,140.6408,0.05726451612903226
2024-03-01,双葉郡楢葉町,37.2843,140.9996,0.0448
2024-03-01,双葉郡葛尾村,37.6062,140.7712,0.0852
2024-03-01,福島県、会津若松合同庁舎,37.4727,139.9329,0.041238709677419355
2024-03-01,福島県、南会津合同庁舎,37.1852,139.9868,0.031354838709677424
2024-03-01,福島県、南相馬合同庁舎,37.7797,140.9796,0.044516129032258066
2024-03-01,福島県、白河合同庁舎,37.1309,140.2163,0.044851612903225806
2024-03-01,福島県、県北保健福祉事務所,37.749,140.482,0.08830967741935485
2024-03-01,福島県、郡山合同庁舎,37.4042,140.3842,0.05243870967741936
2024-04-01,伊達市霊山総合支所,37.7712,140.6408,0.05720000000000001
2024-04-01,福島県、会津若松合同庁舎,37.4727,139.9329,0.04032
2024-04-01,福島県、南会津合同庁舎,37.1852,139.9868,0.031413333333333335
2024-04-01,福島県、南相馬合同庁舎,37.7797,140.9796,0.04482666666666667
2024-04-01,福島県、白河合同庁舎,37.1309,140.2163,0.04472
2024-04-01,福島県、県北保健福祉事務所,37.749,140.482,0.08858666666666666
2024-04-01,福島県、郡山合同庁舎,37.4042,140.3842,0.052160000000000005
2024-05-01,伊達市霊山総合支所,37.7712,140.6408,0.05783225806451613
2024-05-01,福島県、会津若松合同庁舎,37.4727,139.9329,0.04036129032258065
2024-05-01,福島県、南会津合同庁舎,37.1852,139.9868,0.03171612903225807
2024-05-01,福島県、南相馬合同庁舎,37.7797,140.9796,0.04487741935483871
2024-05-01,福島県、白河合同庁舎,37.1309,140.2163,0.04490322580645162
2024-05-01,福島県、県北保健福祉事務所,37.749,140.482,0.08898064516129033
2024-05-01,福島県、郡山合同庁舎,37.4042,140.3842,0.05256774193548388
2024-06-01,伊達市霊山総合支所,37.7712,140.6408,0.05789333333333334
2024-06-01,福島県、会津若松合同庁舎,37.4727,139.9329,0.04042666666666667
2024-06-01,福島県、南会津合同庁舎,37.1852,139.9868,0.031946666666666665
2024-06-01,福島県、南相馬合同庁舎,37.7797,140.9796,0.044853333333333335
2024-06-01,福島県、白河合同庁舎,37.1309,140.2163,0.0448
2024-06-01,福島県、県北保健福祉事務所,37.749,140.482,0.08922666666666666
2024-06-01,福島県、郡山合同庁舎,37.4042,140.3842,0.05245333333333334
2024-07-01,伊達市霊山総合支所,37.7712,140.6408,0.05754838709677419
2024-07-01,福島県、会津若松合同庁舎,37.4727,139.9329,0.0408
2024-07-01,福島県、南会津合同庁舎,37.1852,139.9868,0.03189677419354839
2024-07-01,福島県、南相馬合同庁舎,37.7797,140.9796,0.045367741935483874
2024-07-01,福島県、白河合同庁舎,37.1309,140.2163,0.04518709677419355
2024-07-01,福島県、県北保健福祉事務所,37.749,140.482,0.08921290322580645
2024-07-01,福島県、郡山合同庁舎,37.4042,140.3842,0.052851612903225806
2024-08-01,伊達市霊山総合支所,37.7712,140.6408,0.05687741935483871
2024-08-01,福島県、会津若松合同庁舎,37.4727,139.9329,0.04010322580645161
2024-08-01,福島県、南会津合同庁舎,37.1852,139.9868,0.032
2024-08-01,福島県、南相馬合同庁舎,37.7797,140.9796,0.04446451612903226
2024-08-01,福島県、白河合同庁舎,37.1309,140.2163,0.044180645161290326
2024-08-01,福島県、県北保健福祉事務所,37.749,140.482,0.08694193548387098
2024-08-01,福島県、郡山合同庁舎,37.4042,140.3842,0.05228387096774194
2024-09-01,伊達市霊山総合支所,37.7712,140.6408,0.055733333333333336
2024-09-01,福島県、会津若松合同庁舎,37.4727,139.9329,0.03981333333333333
2024-09-01,福島県、南会津合同庁舎,37.1852,139.9868,0.031760000000000004
2024-09-01,福島県、南相馬合同庁舎,37.7797,140.9796,0.04410666666666667
2024-09-01,福島県、白河合同庁舎,37.1309,140.2163,0.04413333333333334
2024-09-01,福島県、県北保健福祉事務所,37.749,140.482,0.08474666666666668
2024-09-01,福島県、郡山合同庁舎,37.4042,140.3842,0.05074666666666667
2024-10-01,伊達市霊山総合支所,37.7712,140.6408,0.05579354838709678
2024-10-01,福島県、会津若松合同庁舎,37.4727,139.9329,0.04018064516129032
2024-10-01,福島県、南会津合同庁舎,37.1852,139.9868,0.03215483870967742
2024-10-01,福島県、南相馬合同庁舎,37.7797,140.9796,0.04405161290322581
2024-10-01,福島県、白河合同庁舎,37.1309,140.2163,0.044258064516129035
2024-10-01,福島県、県北保健福祉事務所,37.749,140.482,0.08490322580645161
2024-10-01,福島県、郡山合同庁舎,37.4042,140.3842,0.05112258064516129
2024-11-01,伊達市霊山総合支所,37.7712,140.6408,0.055573333333333336
2024-11-01,福島県、会津若松合同庁舎,37.4727,139.9329,0.04064
2024-11-01,福島県、南会津合同庁舎,37.1852,139.9868,0.03216
2024-11-01,福島県、南相馬合同庁舎,37.7797,140.9796,0.043440000000000006
2024-11-01,福島県、白河合同庁舎,37.1309,140.2163,0.044213333333333334
2024-11-01,福島県、県北保健福祉事務所,37.749,140.482,0.08493333333333333
2024-11-01,福島県、郡山合同庁舎,37.4042,140.3842,0.05090666666666667
2024-12-01,伊達市霊山総合支所,37.7712,140.6408,0.05571612903225807
2024-12-01,福島県、会津若松合同庁舎,37.4727,139.9329,0.04134193548387097
2024-12-01,福島県、南会津合同庁舎,37.1852,139.9868,0.03073548387096774
2024-12-01,福島県、南相馬合同庁舎,37.7797,140.9796,0.043922580645161295
2024-12-01,福島県、白河合同庁舎,37.1309,140.2163,0.044000000000000004
2024-12-01,福島県、県北保健福祉事務所,37.749,140.482,0.08526451612903227
2024-12-01,福島県、郡山合同庁舎,37.4042,140.3842,0.050890322580645166
2025-01-01,伊達市霊山総合支所,37.7712,140.6408,0.0559741935483871
2025-01-01,福島県、会津若松合同庁舎,37.4727,139.9329,0.03940645161290322
2025-01-01,福島県、南会津合同庁舎,37.1852,139.9868,0.025161290322580646
2025-01-01,福島県、南相馬合同庁舎,37.7797,140.9796,0.043638709677419354
2025-01-01,福島県、白河合同庁舎,37.1309,140.2163,0.04410322580645162
2025-01-01,福島県、県北保健福祉事務所,37.749,140.482,0.08570322580645161
2025-01-01,福島県、郡山合同庁舎,37.4042,140.3842,0.05127741935483871
2025-02-01,伊達市霊山総合支所,37.7712,140.6408,0.055
2025-02-01,福島県、会津若松合同庁舎,37.4727,139.9329,0.03085714285714286
2025-02-01,福島県、南会津合同庁舎,37.1852,139.9868,0.02217142857142857
2025-02-01,福島県、南相馬合同庁舎,37.7797,140.9796,0.043742857142857146
2025-02-01,福島県、白河合同庁舎,37.1309,140.2163,0.043428571428571434
2025-02-01,福島県、県北保健福祉事務所,37.749,140.482,0.08385714285714287
2025-02-01,福島県、郡山合同庁舎,37.4042,140.3842,0.050371428571428574
2025-03-01,伊達市霊山総合支所,37.7712,140.6408,0.0551225806451613
2025-03-01,福島県、会津若松合同庁舎,37.4727,139.9329,0.038993548387096774
2025-03-01,福島県、南会津合同庁舎,37.1852,139.9868,0.026967741935483874
2025-03-01,福島県、南相馬合同庁舎,37.7797,140.9796,0.04405161290322581
2025-03-01,福島県、白河合同庁舎,37.1309,140.2163,0.0440258064516129
2025-03-01,福島県、県北保健福祉事務所,37.749,140.482,0.08459354838709679
2025-03-01,福島県、郡山合同庁舎,37.4042,140.3842,0.05076129032258065
2025-04-01,伊達市霊山総合支所,37.7712,140.6408,0.05528
2025-04-01,福島県、会津若松合同庁舎,37.4727,139.9329,0.04008
2025-04-01,福島県、南会津合同庁舎,37.1852,139.9868,0.03066666666666667
2025-04-01,福島県、南相馬合同庁舎,37.7797,140.9796,0.044213333333333334
2025-04-01,福島県、白河合同庁舎,37.1309,140.2163,0.04410666666666667
2025-04-01,福島県、県北保健福祉事務所,37.749,140.482,0.08461333333333335
2025-04-01,福島県、郡山合同庁舎,37.4042,140.3842,0.050640000000000004
2025-05-01,伊達市霊山総合支所,37.7712,140.6408,0.05532903225806452
2025-05-01,福島県、会津若松合同庁舎,37.4727,139.9329,0.04
2025-05-01,福島県、南会津合同庁舎,37.1852,139.9868,0.030967741935483874
2025-05-01,福島県、南相馬合同庁舎,37.7797,140.9796,0.043896774193548385
2025-05-01,福島県、白河合同庁舎,37.1309,140.2163,0.04410322580645161
2025-05-01,福島県、県北保健福祉事務所,37.749,140.482,0.08449032258064516
2025-05-01,福島県、郡山合同庁舎,37.4042,140.3842,0.05091612903225807
2025-06-01,伊達市霊山総合支所,37.7712,140.6408,0.055733333333333336
2025-06-01,福島県、会津若松合同庁舎,37.4727,139.9329,0.04002666666666667
2025-06-01,福島県、南会津合同庁舎,37.1852,139.9868,0.03122666666666667
2025-06-01,福島県、南相馬合同庁舎,37.7797,140.9796,0.044213333333333334
2025-06-01,福島県、白河合同庁舎,37.1309,140.2163,0.043973333333333336
2025-06-01,福島県、県北保健福祉事務所,37.749,140.482,0.08496
2025-06-01,福島県、郡山合同庁舎,37.4042,140.3842,0.05093333333333334
2025-07-01,伊達市霊山総合支所,37.7712,140.6408,0.05654193548387097
2025-07-01,福島県、会津若松合同庁舎,37.4727,139.9329,0.04010322580645161
2025-07-01,福島県、南会津合同庁舎,37.1852,139.9868,0.03156129032258065
2025-07-01,福島県、南相馬合同庁舎,37.7797,140.9796,0.04430967741935484
2025-07-01,福島県、白河合同庁舎,37.1309,140.2163,0.0439483870967742
2025-07-01,福島県、県北保健福祉事務所,37.749,140.482,0.0864
2025-07-01,福島県、郡山合同庁舎,37.4042,140.3842,0.051045161290322584
2025-08-01,伊達市霊山総合支所,37.7712,140.6408,0.05643870967741935
2025-08-01,福島県、会津若松合同庁舎,37.4727,139.9329,0.0407483870967742
2025-08-01,福島県、南会津合同庁舎,37.1852,139.9868,0.03205161290322581
2025-08-01,福島県、南相馬合同庁舎,37.7797,140.9796,0.04449032258064516
2025-08-01,福島県、白河合同庁舎,37.1309,140.2163,0.04350967741935484
2025-08-01,福島県、県北保健福祉事務所,37.749,140.482,0.08449032258064516
2025-08-01,福島県、郡山合同庁舎,37.4042,140.3842,0.051303225806451615
2025-09-01,伊達市霊山総合支所,37.7712,140.6408,0.05536
2025-09-01,福島県、会津若松合同庁舎,37.4727,139.9329,0.04034666666666666
2025-09-01,福島県、南会津合同庁舎,37.1852,139.9868,0.03149333333333334
2025-09-01,福島県、南相馬合同庁舎,37.7797,140.9796,0.04357333333333334
2025-09-01,福島県、白河合同庁舎,37.1309,140.2163,0.043440000000000006
2025-09-01,福島県、県北保健福祉事務所,37.749,140.482,0.08248000000000001
2025-09-01,福島県、郡山合同庁舎,37.4042,140.3842,0.049946666666666674
2025-10-01,伊達市霊山総合支所,37.7712,140.6408,0.05496774193548388
2025-10-01,福島県、会津若松合同庁舎,37.4727,139.9329,0.040206451612903225
2025-10-01,福島県、南会津合同庁舎,37.1852,139.9868,0.03166451612903226
2025-10-01,福島県、南相馬合同庁舎,37.7797,140.9796,0.044412903225806453
2025-10-01,福島県、白河合同庁舎,37.1309,140.2163,0.044077419354838714
2025-10-01,福島県、県北保健福祉事務所,37.749,140.482,0.08206451612903226
2025-10-01,福島県、郡山合同庁舎,37.4042,140.3842,0.050451612903225806
2025-11-01,伊達市霊山総合支所,37.7712,140.6408,0.05490666666666667
2025-11-01,福島県、会津若松合同庁舎,37.4727,139.9329,0.040479999999999995
2025-11-01,福島県、南会津合同庁舎,37.1852,139.9868,0.03181333333333333
2025-11-01,福島県、南相馬合同庁舎,37.7797,140.9796,0.04338666666666667
2025-11-01,福島県、白河合同庁舎,37.1309,140.2163,0.043333333333333335
2025-11-01,福島県、県北保健福祉事務所,37.749,140.482,0.08208
2025-11-01,福島県、郡山合同庁舎,37.4042,140.3842,0.04978666666666667
2025-12-01,伊達市霊山総合支所,37.7712,140.6408,0.0554909090909091
2025-12-01,福島県、会津若松合同庁舎,37.4727,139.9329,0.04152727272727273
2025-12-01,福島県、南会津合同庁舎,37.1852,139.9868,0.031054545454545456
2025-12-01,福島県、南相馬合同庁舎,37.7797,140.9796,0.043054545454545456
2025-12-01,福島県、白河合同庁舎,37.1309,140.2163,0.04356363636363637
2025-12-01,福島県、県北保健福祉事務所,37.749,140.482,0.08276363636363637
2025-12-01,福島県、郡山合同庁舎,37.4042,140.3842,0.05025454545454546
